id,用户,内容,属性,状态,IP,时间,排序,类型,审核管理员,话题
"325040","    Aff：505419084 , 专一有御姐 Vip：undefined 余额：0  |  收益：0  认证：否     "," 颜值爆表的成熟美女 古典肚兜诱惑 #福利自拍  颜值爆表的成熟美女身着古典红色绣花肚兜，慵懒地躺在床上，眼神迷离又勾人。她轻咬红唇，缓缓拉开肚兜系带.... "," 图片：2  |  视频：1  点赞：0  |  浏览：0  点赞(假)：0  |  浏览(假)：0  评论：0  来源标识： "," 审核：待审核 资源：未完成 删除：未删除 订阅：否 置顶：0 | 置精：未置精 打赏次数：0 打赏收益：0 "," ip：49.228.246.218  城市：火星 "," 创：2026-04-01 19:52:35 改：2026-04-01 19:52:35 ","0","视频","(id: 0)","福利自拍"
"325039","    Aff：504901308 , 光亮和帆布鞋 Vip：undefined 余额：0  |  收益：0  认证：否     "," 有没有一起要赚钱的 #达人原创  开封郑州附近有没有一起的 "," 图片：0  |  视频：0  点赞：0  |  浏览：0  点赞(假)：0  |  浏览(假)：0  评论：0  来源标识： "," 审核：待审核 资源：已完成 删除：未删除 订阅：否 置顶：0 | 置精：未置精 打赏次数：0 打赏收益：0 "," ip：223.90.135.12  城市：河南 "," 创：2026-04-01 19:51:44 改：2026-04-01 19:51:44 ","0","文字","(id: 0)","达人原创"
"325038","    Aff：503615316 , 殷勤笑心锁 Vip：undefined 余额：0  |  收益：0  认证：否     "," 绿帽癖的日常分享 #达人原创  绿帽癖的日常分享 "," 图片：0  |  视频：1  点赞：0  |  浏览：0  点赞(假)：0  |  浏览(假)：0  评论：0  来源标识： "," 审核：待审核 资源：未完成 删除：未删除 订阅：否 置顶：0 | 置精：未置精 打赏次数：0 打赏收益：0 "," ip：106.37.115.247  城市：中国–北京–北京 "," 创：2026-04-01 19:50:05 改：2026-04-01 19:50:05 ","0","视频","(id: 0)","达人原创"
"325037","    Aff：218114797 , 大雕擎天天下雨 Vip：undefined 余额：12  |  收益：0  认证：否     "," 复制网址用自带浏览器打开，51吃瓜-带你吃最新最热的瓜！
永久免费吃瓜App下载地址  https: #成人小说  复制网址用自带浏览器打开，51吃瓜-带你吃最新最热的瓜！永久免费吃瓜App下载地址https://9.... "," 图片：0  |  视频：0  点赞：0  |  浏览：0  点赞(假)：0  |  浏览(假)：0  评论：0  来源标识： "," 审核：待审核 资源：已完成 删除：未删除 订阅：否 置顶：0 | 置精：未置精 打赏次数：0 打赏收益：0 "," ip：183.35.192.25  城市：广东 "," 创：2026-04-01 19:48:55 改：2026-04-01 19:48:55 ","0","文字","(id: 0)","成人小说"
"325036","    Aff：101131551 , 瓜瓜5 Vip：undefined 余额：10  |  收益：17808  认证：  原创主       "," 肏喷了，大量白浆，白色液体流出，肏得女神抽搐 #达人原创  肏喷了，大量白浆，白色液体流出，肏得女神抽搐 "," 图片：3  |  视频：1  点赞：0  |  浏览：0  点赞(假)：0  |  浏览(假)：0  评论：0  来源标识： "," 审核：待审核 资源：未完成 删除：未删除 订阅：否 置顶：0 | 置精：未置精 打赏次数：0 打赏收益：0 "," ip：111.58.243.161  城市：广西 "," 创：2026-04-01 19:45:41 改：2026-04-01 19:45:41 ","0","视频","(id: 0)","达人原创"
"325035","    Aff：495863068 , 优美毛豆 Vip：undefined 余额：1  |  收益：0  认证：否     "," 努力签到努力签到 #达人原创  努力 "," 图片：0  |  视频：0  点赞：0  |  浏览：0  点赞(假)：0  |  浏览(假)：0  评论：0  来源标识： "," 审核：待审核 资源：已完成 删除：未删除 订阅：否 置顶：0 | 置精：未置精 打赏次数：0 打赏收益：0 "," ip：113.101.98.52  城市：广东 "," 创：2026-04-01 19:45:36 改：2026-04-01 19:45:36 ","0","文字","(id: 0)","达人原创"
"325034","    Aff：74916802 , 隔壁你王叔 Vip：undefined 余额：0  |  收益：0  认证：否     "," 台州椒江中年人互换的来，老婆绝对骚 #达人原创  台州椒江中年人互换的来，老婆绝对骚 "," 图片：1  |  视频：0  点赞：0  |  浏览：0  点赞(假)：0  |  浏览(假)：0  评论：0  来源标识： "," 审核：待审核 资源：已完成 删除：未删除 订阅：否 置顶：0 | 置精：未置精 打赏次数：0 打赏收益：0 "," ip：60.189.155.94  城市：浙江 "," 创：2026-04-01 19:43:15 改：2026-04-01 19:43:15 ","0","图片","(id: 0)","达人原创"
"325033","    Aff：101130058 , 等待大碗 Vip：undefined 余额：230  |  收益：22343  认证：  原创主       "," 刚上大二19岁学妹，“主人的鸡巴好厉害，高潮了，高潮很多次了～” #达人原创  刚上大二19岁学妹，“主人的鸡巴好厉害，高潮了，高潮很多次了～” "," 图片：3  |  视频：1  点赞：0  |  浏览：0  点赞(假)：0  |  浏览(假)：0  评论：0  来源标识： "," 审核：待审核 资源：未完成 删除：未删除 订阅：是 置顶：0 | 置精：未置精 打赏次数：0 打赏收益：0 "," ip：111.58.243.161  城市：广西 "," 创：2026-04-01 19:41:45 改：2026-04-01 19:41:45 ","0","视频","(id: 0)","达人原创"
"325032","    Aff：35979692 , 天 Vip：undefined 余额：11  |  收益：0  认证：否     "," 。。。。。。。。。。。 #求瓜互助  。。。。。。。。。。。 "," 图片：0  |  视频：0  点赞：0  |  浏览：0  点赞(假)：0  |  浏览(假)：0  评论：0  来源标识： "," 审核：待审核 资源：已完成 删除：未删除 订阅：否 置顶：0 | 置精：未置精 打赏次数：0 打赏收益：0 "," ip：27.129.144.78  城市：河北 "," 创：2026-04-01 19:40:22 改：2026-04-01 19:40:22 ","0","文字","(id: 0)","求瓜互助"
"325031","    Aff：101130478 , 精品阁 Vip：undefined 余额：210  |  收益：23784  认证：  原创主       "," 汉服白袜 在校舞蹈专业母狗 #达人原创  汉服白袜 在校舞蹈专业母狗 "," 图片：4  |  视频：1  点赞：0  |  浏览：0  点赞(假)：0  |  浏览(假)：0  评论：0  来源标识： "," 审核：待审核 资源：未完成 删除：未删除 订阅：否 置顶：0 | 置精：未置精 打赏次数：0 打赏收益：0 "," ip：111.58.243.161  城市：广西 "," 创：2026-04-01 19:39:00 改：2026-04-01 19:39:00 ","0","视频","(id: 0)","达人原创"
"325030","    Aff：487282883 , 着急爱小刺猬 Vip：undefined 余额：10  |  收益：0  认证：否     "," 杜鹃老师的骚逼什么时候能草到 #情欲故事  。。。。。 "," 图片：0  |  视频：0  点赞：0  |  浏览：0  点赞(假)：0  |  浏览(假)：0  评论：0  来源标识： "," 审核：待审核 资源：已完成 删除：未删除 订阅：是 置顶：0 | 置精：未置精 打赏次数：0 打赏收益：0 "," ip：39.144.96.17  城市：山西 "," 创：2026-04-01 19:37:59 改：2026-04-01 19:37:59 ","0","文字","(id: 0)","情欲故事"
"325029","    Aff：101131551 , 瓜瓜5 Vip：undefined 余额：10  |  收益：17808  认证：  原创主       "," 微胖反差语文老师 平常温文尔雅床上却骚劲十足叫声太销魂了 #达人原创  微胖反差语文老师 平常温文尔雅床上却骚劲十足叫声太销魂了 "," 图片：3  |  视频：1  点赞：0  |  浏览：0  点赞(假)：0  |  浏览(假)：0  评论：0  来源标识： "," 审核：待审核 资源：未完成 删除：未删除 订阅：是 置顶：0 | 置精：未置精 打赏次数：0 打赏收益：0 "," ip：111.58.243.161  城市：广西 "," 创：2026-04-01 19:36:54 改：2026-04-01 19:36:54 ","0","视频","(id: 0)","达人原创"
"325028","    Aff：21309194 , 畅快方夏天 Vip：undefined 余额：60  |  收益：0  认证：否     "," 每日一帖经验加成 #情感树洞  水 "," 图片：0  |  视频：0  点赞：0  |  浏览：0  点赞(假)：0  |  浏览(假)：0  评论：0  来源标识： "," 审核：待审核 资源：已完成 删除：未删除 订阅：否 置顶：0 | 置精：未置精 打赏次数：0 打赏收益：0 "," ip：122.141.155.10  城市：吉林 "," 创：2026-04-01 19:35:20 改：2026-04-01 19:35:20 ","0","文字","(id: 0)","情感树洞"
"325027","    Aff：392447032 , 难过火龙果 Vip：undefined 余额：0  |  收益：0  认证：否     "," 复制网址用自带浏览器打开，51吃瓜-带你吃最新最热的瓜！
永久免费吃瓜App下载地址  https: #原创视频  干干巴巴 "," 图片：0  |  视频：0  点赞：0  |  浏览：0  点赞(假)：0  |  浏览(假)：0  评论：0  来源标识： "," 审核：待审核 资源：已完成 删除：未删除 订阅：否 置顶：0 | 置精：未置精 打赏次数：0 打赏收益：0 "," ip：144.12.163.224  城市：山东 "," 创：2026-04-01 19:34:10 改：2026-04-01 19:34:10 ","0","文字","(id: 0)","原创视频"
"325026","    Aff：21159526 , 阔达爆米花 Vip：undefined 余额：28  |  收益：0  认证：否     "," 复制网址用自带浏览器打开，51吃瓜-带你吃最新最热的瓜！
永久免费吃瓜App下载地址  https: #成人小说  复制网址用自带浏览器打开，51吃瓜-带你吃最新最热的瓜！永久免费吃瓜App下载地址https://9.... "," 图片：0  |  视频：0  点赞：0  |  浏览：0  点赞(假)：0  |  浏览(假)：0  评论：0  来源标识： "," 审核：待审核 资源：已完成 删除：未删除 订阅：否 置顶：0 | 置精：未置精 打赏次数：0 打赏收益：0 "," ip：111.181.100.120  城市：湖北 "," 创：2026-04-01 19:33:08 改：2026-04-01 19:33:08 ","0","文字","(id: 0)","成人小说"
"325025","    Aff：60413231 , 哪有半分真情 Vip：undefined 余额：10  |  收益：0  认证：否     "," AI去衣是爽歪歪la #AI换脸  AI去衣是爽歪歪la "," 图片：9  |  视频：0  点赞：0  |  浏览：0  点赞(假)：0  |  浏览(假)：0  评论：0  来源标识： "," 审核：待审核 资源：已完成 删除：未删除 订阅：否 置顶：0 | 置精：未置精 打赏次数：0 打赏收益：0 "," ip：111.163.239.147  城市：中国–天津–天津 "," 创：2026-04-01 19:30:36 改：2026-04-01 19:30:36 ","0","图片","(id: 0)","AI换脸"
"325024","    Aff：108903664 , 忧郁钢笔 Vip：undefined 余额：0  |  收益：0  认证：否     "," 坦克大战，这推背感，绝了 #福利自拍  坦克大战，这推背感，绝了 "," 图片：0  |  视频：1  点赞：0  |  浏览：0  点赞(假)：0  |  浏览(假)：0  评论：0  来源标识： "," 审核：待审核 资源：未完成 删除：未删除 订阅：是 置顶：0 | 置精：未置精 打赏次数：0 打赏收益：0 "," ip：111.27.34.118  城市：吉林 "," 创：2026-04-01 19:29:54 改：2026-04-01 19:29:54 ","0","视频","(id: 0)","福利自拍"
"325023","    Aff：500920682 , 重要香水 Vip：undefined 余额：0  |  收益：0  认证：否     "," 汕尾海丰有没有互相解决的姐姐 #人妻熟女  来一起玩 "," 图片：0  |  视频：0  点赞：0  |  浏览：0  点赞(假)：0  |  浏览(假)：0  评论：0  来源标识： "," 审核：待审核 资源：已完成 删除：未删除 订阅：否 置顶：0 | 置精：未置精 打赏次数：0 打赏收益：0 "," ip：113.82.191.4  城市：广东 "," 创：2026-04-01 19:29:37 改：2026-04-01 19:29:37 ","0","文字","(id: 0)","人妻熟女"
"325022","    Aff：31668517 , 忧郁闻鞋子 Vip：undefined 余额：0  |  收益：0  认证：否     "," 家有骚妻灰色中筒袜 #福利自拍  家有骚妻灰色中筒袜 "," 图片：1  |  视频：0  点赞：0  |  浏览：0  点赞(假)：0  |  浏览(假)：0  评论：0  来源标识： "," 审核：待审核 资源：已完成 删除：未删除 订阅：否 置顶：0 | 置精：未置精 打赏次数：0 打赏收益：0 "," ip：111.55.168.112  城市：山西 "," 创：2026-04-01 19:29:18 改：2026-04-01 19:29:18 ","0","图片","(id: 0)","福利自拍"
"325021","    Aff：495929156 , 斯文泥猴桃 Vip：undefined 余额：0  |  收益：0  认证：否     "," 自己在家用香肠自慰 #福利自拍  自己在家用香肠自慰 "," 图片：0  |  视频：1  点赞：0  |  浏览：0  点赞(假)：0  |  浏览(假)：0  评论：0  来源标识： "," 审核：待审核 资源：未完成 删除：未删除 订阅：否 置顶：0 | 置精：未置精 打赏次数：0 打赏收益：0 "," ip：112.96.47.82  城市：广东 "," 创：2026-04-01 19:26:22 改：2026-04-01 19:26:22 ","0","视频","(id: 0)","福利自拍"
"325020","    Aff：480853939 , 机灵水壶 Vip：undefined 余额：0  |  收益：0  认证：否     "," 广州黄埔找个嫩妹 #达人原创  可有偿武器16cm粗 "," 图片：0  |  视频：0  点赞：0  |  浏览：0  点赞(假)：0  |  浏览(假)：0  评论：0  来源标识： "," 审核：待审核 资源：已完成 删除：未删除 订阅：否 置顶：0 | 置精：未置精 打赏次数：0 打赏收益：0 "," ip：14.216.12.228  城市：广东 "," 创：2026-04-01 19:25:07 改：2026-04-01 19:25:07 ","0","文字","(id: 0)","达人原创"
"325019","    Aff：456437001 , Galaxy Vip：undefined 余额：10  |  收益：0  认证：否     "," 广东有骚母狗吗？ #达人原创  广东哪里有骚母狗可以长期约？爆金币 "," 图片：0  |  视频：0  点赞：0  |  浏览：0  点赞(假)：0  |  浏览(假)：0  评论：0  来源标识： "," 审核：待审核 资源：已完成 删除：未删除 订阅：否 置顶：0 | 置精：未置精 打赏次数：0 打赏收益：0 "," ip：120.230.176.239  城市：广东 "," 创：2026-04-01 19:23:09 改：2026-04-01 19:23:09 ","0","文字","(id: 0)","达人原创"
"325018","    Aff：480853939 , 机灵水壶 Vip：undefined 余额：0  |  收益：0  认证：否     "," 广州来一个月的 可有偿 武器16cm #达人原创  广州广州广州！！！ "," 图片：0  |  视频：0  点赞：0  |  浏览：0  点赞(假)：0  |  浏览(假)：0  评论：0  来源标识： "," 审核：待审核 资源：已完成 删除：未删除 订阅：否 置顶：0 | 置精：未置精 打赏次数：0 打赏收益：0 "," ip：14.216.12.228  城市：广东 "," 创：2026-04-01 19:22:05 改：2026-04-01 19:22:05 ","0","文字","(id: 0)","达人原创"
"325017","    Aff：379321379 , 爱撒娇的云朵 Vip：undefined 余额：0  |  收益：0  认证：否     "," 极品豹纹黑丝少妇 #人妻熟女  极品豹纹裙黑丝高跟人妻叫的太销魂了还没碰她骚逼就开始流水了有想操的吗留评论 "," 图片：2  |  视频：1  点赞：0  |  浏览：0  点赞(假)：0  |  浏览(假)：0  评论：0  来源标识： "," 审核：待审核 资源：未完成 删除：未删除 订阅：否 置顶：0 | 置精：未置精 打赏次数：0 打赏收益：0 "," ip：45.149.186.220  城市：香港 "," 创：2026-04-01 19:20:30 改：2026-04-01 19:20:30 ","0","视频","(id: 0)","人妻熟女"
"325016","    Aff：495929156 , 斯文泥猴桃 Vip：undefined 余额：0  |  收益：0  认证：否     "," 16岁女孩 在家自慰 #福利自拍  。。 "," 图片：0  |  视频：0  点赞：0  |  浏览：0  点赞(假)：0  |  浏览(假)：0  评论：0  来源标识： "," 审核：待审核 资源：已完成 删除：未删除 订阅：是 置顶：0 | 置精：未置精 打赏次数：0 打赏收益：0 "," ip：112.96.47.82  城市：广东 "," 创：2026-04-01 19:20:18 改：2026-04-01 19:20:18 ","0","文字","(id: 0)","福利自拍"
"325015","    Aff：69377495 , 复杂与冬日 Vip：undefined 余额：0  |  收益：0  认证：否     "," 有没有女生能互看 #日常吐槽  有没有女生互看啊，dd我 "," 图片：0  |  视频：0  点赞：0  |  浏览：0  点赞(假)：0  |  浏览(假)：0  评论：0  来源标识： "," 审核：待审核 资源：已完成 删除：未删除 订阅：否 置顶：0 | 置精：未置精 打赏次数：0 打赏收益：0 "," ip：112.20.94.181  城市：江苏 "," 创：2026-04-01 19:16:21 改：2026-04-01 19:16:21 ","0","文字","(id: 0)","日常吐槽"
"325014","    Aff：221886442 , 务实板凳 Vip：undefined 余额：0  |  收益：16833  认证：  原创主       "," 极品童颜小母狗小脚胖乎乎的，黑丝肉丝换着来，被对象调教的真好，眼睛大大的被干的时候感觉好无辜！ #今日大瓜  极品童颜小母狗小脚胖乎乎的，黑丝肉丝换着来，被对象调教的真好，眼睛大大的被干的时候感觉好无辜！ "," 图片：5  |  视频：1  点赞：0  |  浏览：56  点赞(假)：0  |  浏览(假)：0  评论：0  来源标识： "," 审核：通过 资源：已完成 删除：未删除 订阅：是 置顶：0 | 置精：未置精 打赏次数：0 打赏收益：0 "," ip：203.10.99.58  城市：火星 "," 创：2026-04-01 19:15:05 改：2026-04-01 19:52:33 ","0","视频","sq_01(id: 247)","今日大瓜"
"325013","    Aff：257920120 , 岳岳 Vip：undefined 余额：22  |  收益：0  认证：否     "," 一个人太无聊了\\ud83d\\ude2a\\ud83d\\ude2a\\ud83d\\ude2a\\ud83d\\ude2a\\ud83d\\ude2a #福利自拍  一个人太无聊了😪😪😪😪😪 "," 图片：1  |  视频：1  点赞：0  |  浏览：0  点赞(假)：0  |  浏览(假)：0  评论：0  来源标识： "," 审核：待审核 资源：未完成 删除：未删除 订阅：否 置顶：0 | 置精：未置精 打赏次数：0 打赏收益：0 "," ip：36.42.23.230  城市：陕西 "," 创：2026-04-01 19:14:17 改：2026-04-01 19:14:17 ","0","视频","(id: 0)","福利自拍"
"325012","    Aff：426264594 , 网红吃瓜资源合集 Vip：undefined 余额：0  |  收益：0  认证：否     "," 情趣内衣调教巨乳女大 #制服JK/Cos  情趣内衣调教巨乳女大 "," 图片：0  |  视频：1  点赞：0  |  浏览：0  点赞(假)：0  |  浏览(假)：0  评论：0  来源标识： "," 审核：待审核 资源：未完成 删除：未删除 订阅：否 置顶：0 | 置精：未置精 打赏次数：0 打赏收益：0 "," ip：52.195.12.39  城市：火星 "," 创：2026-04-01 19:13:45 改：2026-04-01 19:13:45 ","0","视频","(id: 0)","制服JK/Cos"
"325011","    Aff：239575756 , 跳跃篮球 Vip：undefined 余额：0  |  收益：1  认证：否     "," 广东研究生颜值骚货激情啪啪，下面毛毛好多啊，性欲很强，说的粤语，丁又丁不懂，鞋也鞋不会，难搞哦 #今日大瓜  广东研究生颜值骚货激情啪啪，下面毛毛好多啊，性欲很强，说的粤语，丁又丁不懂，鞋也鞋不会，难搞哦 "," 图片：3  |  视频：1  点赞：0  |  浏览：0  点赞(假)：0  |  浏览(假)：0  评论：0  来源标识： "," 审核：通过 资源：已完成 删除：未删除 订阅：否 置顶：0 | 置精：未置精 打赏次数：0 打赏收益：0 "," ip：203.10.99.58  城市：火星 "," 创：2026-04-01 19:13:44 改：2026-04-01 19:17:49 ","0","视频","sq_01(id: 247)","今日大瓜"
"325010","    Aff：239572246 , 小巧芹菜 Vip：undefined 余额：0  |  收益：2  认证：否     "," 航空学院颜值骚货在校期间就被包养，酒店开房先跳段舞助兴，被后入还自己拿着手机自拍，爽到手机都拿不稳！ #今日大瓜  航空学院颜值骚货在校期间就被包养，酒店开房先跳段舞助兴，被后入还自己拿着手机自拍，爽到手机都拿不稳！ "," 图片：3  |  视频：1  点赞：0  |  浏览：0  点赞(假)：0  |  浏览(假)：0  评论：0  来源标识： "," 审核：通过 资源：已完成 删除：未删除 订阅：否 置顶：0 | 置精：未置精 打赏次数：0 打赏收益：0 "," ip：203.10.99.58  城市：火星 "," 创：2026-04-01 19:12:29 改：2026-04-01 19:19:47 ","0","视频","sq_01(id: 247)","今日大瓜"
"325009","    Aff：129700711 , 明理的长颈鹿 Vip：undefined 余额：0  |  收益：0  认证：否     "," 大神帮忙脱衣，感谢感谢 #达人原创  大神帮忙脱衣，感谢感谢 "," 图片：3  |  视频：0  点赞：0  |  浏览：0  点赞(假)：0  |  浏览(假)：0  评论：0  来源标识： "," 审核：待审核 资源：已完成 删除：未删除 订阅：否 置顶：0 | 置精：未置精 打赏次数：0 打赏收益：0 "," ip：182.143.219.83  城市：四川 "," 创：2026-04-01 19:10:03 改：2026-04-01 19:10:03 ","0","图片","(id: 0)","达人原创"
"325008","    Aff：468217713 , 任性芹菜 Vip：undefined 余额：0  |  收益：0  认证：否     "," 人人人人人人人人是啊啊啊 #原创视频  傻傻傻傻傻傻傻傻傻傻傻 "," 图片：0  |  视频：0  点赞：0  |  浏览：0  点赞(假)：0  |  浏览(假)：0  评论：0  来源标识： "," 审核：待审核 资源：已完成 删除：未删除 订阅：否 置顶：0 | 置精：未置精 打赏次数：0 打赏收益：0 "," ip：123.167.45.50  城市：黑龙江 "," 创：2026-04-01 19:08:42 改：2026-04-01 19:08:42 ","0","文字","(id: 0)","原创视频"
"325007","    Aff：85928015 , 农村巨乳母子 Vip：undefined 余额：11  |  收益：2780  认证：  原创主       "," 老爸在乡下守养殖场，我和老妈在城里天天乱伦！今天妈妈给我乳交+骑乘，射她一脸一奶，母子玩得太刺激! #达人原创  自从搬到城里后，我和老妈就彻底放开了。老爸一个人在乡下养殖场守着，我和老妈天天在家里偷偷乱伦，想怎么.... "," 图片：5  |  视频：1  点赞：0  |  浏览：0  点赞(假)：0  |  浏览(假)：0  评论：0  来源标识： "," 审核：待审核 资源：未完成 删除：未删除 订阅：是 置顶：0 | 置精：未置精 打赏次数：0 打赏收益：0 "," ip：103.97.2.135  城市：火星 "," 创：2026-04-01 19:06:23 改：2026-04-01 19:06:23 ","0","视频","(id: 0)","达人原创"
"325006","    Aff：16822808 , 日你所日 Vip：undefined 余额：0  |  收益：0  认证：否     "," 谁有海角社区的下载链接，有偿 #发片求种  谁有海角社区的下载链接，有偿 "," 图片：0  |  视频：0  点赞：0  |  浏览：0  点赞(假)：0  |  浏览(假)：0  评论：0  来源标识： "," 审核：待审核 资源：已完成 删除：未删除 订阅：否 置顶：0 | 置精：未置精 打赏次数：0 打赏收益：0 "," ip：223.104.165.32  城市：浙江 "," 创：2026-04-01 19:05:39 改：2026-04-01 19:05:39 ","0","文字","(id: 0)","发片求种"
"325005","    Aff：505491420 , 美满演变御姐 Vip：undefined 余额：0  |  收益：0  认证：否     "," 想知道怎么月抛呀 #日常吐槽  那位大神可以教教，怎么月抛的呀，安全的 "," 图片：0  |  视频：0  点赞：0  |  浏览：0  点赞(假)：0  |  浏览(假)：0  评论：0  来源标识： "," 审核：待审核 资源：已完成 删除：未删除 订阅：否 置顶：0 | 置精：未置精 打赏次数：0 打赏收益：0 "," ip：27.227.188.27  城市：甘肃 "," 创：2026-04-01 19:03:47 改：2026-04-01 19:03:47 ","0","文字","(id: 0)","日常吐槽"
"325004","    Aff：288513052 , 单纯火龙果 Vip：undefined 余额：0  |  收益：0  认证：否     "," 想知道怎么约炮，求求 #日常吐槽  广东中山，本人男，想知道怎么和女的约炮，不突兀，或者有没有，女的要来约炮 "," 图片：0  |  视频：0  点赞：0  |  浏览：0  点赞(假)：0  |  浏览(假)：0  评论：0  来源标识： "," 审核：待审核 资源：已完成 删除：未删除 订阅：否 置顶：0 | 置精：未置精 打赏次数：0 打赏收益：0 "," ip：121.12.217.54  城市：广东 "," 创：2026-04-01 19:02:30 改：2026-04-01 19:02:30 ","0","文字","(id: 0)","日常吐槽"
"325003","    Aff：102071353 , 激动冰棍 Vip：undefined 余额：0  |  收益：0  认证：否     "," 蕊蕊真漂亮好喜欢 #AI换脸  蕊蕊真漂亮好喜欢 "," 图片：1  |  视频：0  点赞：0  |  浏览：0  点赞(假)：0  |  浏览(假)：0  评论：0  来源标识： "," 审核：待审核 资源：已完成 删除：未删除 订阅：否 置顶：0 | 置精：未置精 打赏次数：0 打赏收益：0 "," ip：175.2.36.230  城市：湖南 "," 创：2026-04-01 19:02:26 改：2026-04-01 19:02:26 ","0","图片","(id: 0)","AI换脸"
"325002","    Aff：390728487 , 风花雪月 Vip：undefined 余额：0  |  收益：0  认证：否     "," 河北的有嘛可以认识一下 #达人原创  河北的有嘛可以私聊一下吗 "," 图片：0  |  视频：0  点赞：0  |  浏览：0  点赞(假)：0  |  浏览(假)：0  评论：0  来源标识： "," 审核：待审核 资源：已完成 删除：未删除 订阅：否 置顶：0 | 置精：未置精 打赏次数：0 打赏收益：0 "," ip：110.229.178.151  城市：河北 "," 创：2026-04-01 18:56:48 改：2026-04-01 18:56:48 ","0","文字","(id: 0)","达人原创"
"325001","    Aff：257626089 , 爱笑盼望 Vip：undefined 余额：0  |  收益：0  认证：否     "," 长春市南湖公园附近 有喜欢吃鸡巴的嘛1号门2号门附近速联系 #人妻熟女  长春市南湖公园附近有喜欢吃鸡巴的嘛1号门2号门附近速联系 "," 图片：0  |  视频：0  点赞：0  |  浏览：0  点赞(假)：0  |  浏览(假)：0  评论：0  来源标识： "," 审核：待审核 资源：已完成 删除：未删除 订阅：否 置顶：0 | 置精：未置精 打赏次数：0 打赏收益：0 "," ip：139.215.46.89  城市：吉林 "," 创：2026-04-01 18:55:12 改：2026-04-01 18:55:12 ","0","文字","(id: 0)","人妻熟女"
"325000","    Aff：501627472 , 儒雅和猎豹 Vip：undefined 余额：1  |  收益：0  认证：否     "," 有没有人知道关键字 #求瓜求片  有没有人知道关键字 "," 图片：1  |  视频：0  点赞：0  |  浏览：0  点赞(假)：0  |  浏览(假)：0  评论：0  来源标识： "," 审核：待审核 资源：已完成 删除：未删除 订阅：否 置顶：0 | 置精：未置精 打赏次数：0 打赏收益：0 "," ip：111.163.140.57  城市：中国–天津–天津 "," 创：2026-04-01 18:53:18 改：2026-04-01 18:53:18 ","0","图片","(id: 0)","求瓜求片"
"324999","    Aff：19391187 , 草莓 Vip：undefined 余额：210  |  收益：0  认证：否     "," 看了我的奶子就要给我看看鸡巴 #达人原创  看了我的奶子就要给我看看鸡巴 "," 图片：2  |  视频：0  点赞：0  |  浏览：0  点赞(假)：0  |  浏览(假)：0  评论：0  来源标识： "," 审核：待审核 资源：已完成 删除：未删除 订阅：否 置顶：0 | 置精：未置精 打赏次数：0 打赏收益：0 "," ip：118.125.161.3  城市：四川 "," 创：2026-04-01 18:49:39 改：2026-04-01 18:49:39 ","0","图片","(id: 0)","达人原创"
"324998","    Aff：263345370 , 无语踢嚓茶 Vip：undefined 余额：1041  |  收益：0  认证：否     "," 能不能多发些岛国女优的 #发片求种  如题 "," 图片：0  |  视频：0  点赞：0  |  浏览：0  点赞(假)：0  |  浏览(假)：0  评论：0  来源标识： "," 审核：待审核 资源：已完成 删除：未删除 订阅：否 置顶：0 | 置精：未置精 打赏次数：0 打赏收益：0 "," ip：113.227.6.196  城市：辽宁 "," 创：2026-04-01 18:47:55 改：2026-04-01 18:47:55 ","0","文字","(id: 0)","发片求种"
"324997","    Aff：112430405 , 个性画笔 Vip：undefined 余额：0  |  收益：15620  认证：  原创主       "," 为了卖房属实是不择手段，甚至一度献出自己的肉体来达成目的，哪怕是内射中出都可以，妥妥的骚母狗一枚 #今日大瓜  为了卖房属实是不择手段，甚至一度献出自己的肉体来达成目的，哪怕是内射中出都可以，妥妥的骚母狗一枚 "," 图片：3  |  视频：1  点赞：0  |  浏览：0  点赞(假)：0  |  浏览(假)：0  评论：0  来源标识： "," 审核：通过 资源：已完成 删除：未删除 订阅：是 置顶：0 | 置精：未置精 打赏次数：0 打赏收益：0 "," ip：203.10.99.58  城市：火星 "," 创：2026-04-01 18:47:30 改：2026-04-01 19:19:49 ","0","视频","sq_01(id: 247)","今日大瓜"
"324996","    Aff：255462453 , 微胖肥臀姐姐 Vip：undefined 余额：0  |  收益：850  认证：  原创主       "," 姨妈期爆操 劲感十足 两个肥乳 调教狂插 精致粉穴 #达人原创  浪荡的母狗姨妈期依然是饥渴难耐的，裤衩脱一点看起来好诱人呀慢慢的抚摸阴蒂逼逼好软，掀开奶子好大又大又.... "," 图片：6  |  视频：1  点赞：0  |  浏览：0  点赞(假)：0  |  浏览(假)：0  评论：0  来源标识： "," 审核：待审核 资源：未完成 删除：未删除 订阅：否 置顶：0 | 置精：未置精 打赏次数：0 打赏收益：0 "," ip：171.4.240.57  城市：火星 "," 创：2026-04-01 18:46:26 改：2026-04-01 18:46:26 ","0","视频","(id: 0)","达人原创"
"324995","    Aff：255462453 , 微胖肥臀姐姐 Vip：undefined 余额：0  |  收益：850  认证：  原创主       "," 姨妈期爆操 劲感十足 两个肥乳 调教狂插 精致粉穴 #达人原创  浪荡的母狗姨妈期依然是饥渴难耐的，裤衩脱一点看起来好诱人呀慢慢的抚摸阴蒂逼逼好软，掀开奶子好大又大又.... "," 图片：6  |  视频：1  点赞：0  |  浏览：0  点赞(假)：0  |  浏览(假)：0  评论：0  来源标识： "," 审核：待审核 资源：未完成 删除：未删除 订阅：否 置顶：0 | 置精：未置精 打赏次数：0 打赏收益：0 "," ip：171.4.240.57  城市：火星 "," 创：2026-04-01 18:46:26 改：2026-04-01 18:46:26 ","0","视频","(id: 0)","达人原创"
"324994","    Aff：112430033 , 阳光电灯胆 Vip：undefined 余额：0  |  收益：0  认证：否     "," 大屁股瑜伽女友，情趣套装，家居挨操，屁股翘的老高了，练瑜伽的身材是真不错，下腰那弧度很色 #今日大瓜  大屁股瑜伽女友，情趣套装，家居挨操，屁股翘的老高了，练瑜伽的身材是真不错，下腰那弧度很色 "," 图片：3  |  视频：1  点赞：0  |  浏览：0  点赞(假)：0  |  浏览(假)：0  评论：0  来源标识： "," 审核：通过 资源：已完成 删除：未删除 订阅：否 置顶：0 | 置精：未置精 打赏次数：0 打赏收益：0 "," ip：203.10.99.58  城市：火星 "," 创：2026-04-01 18:45:49 改：2026-04-01 19:19:44 ","0","视频","sq_01(id: 247)","今日大瓜"
"324993","    Aff：112428853 , 取汁有道 Vip：undefined 余额：0  |  收益：0  认证：否     "," 江苏常州颜值眼镜人妻，看着斯斯文文的，眼镜一摘，火力全开，自己扶正大jb坐上去狂摇 #今日大瓜  江苏常州颜值眼镜人妻，看着斯斯文文的，眼镜一摘，火力全开，自己扶正大jb坐上去狂摇 "," 图片：4  |  视频：1  点赞：0  |  浏览：0  点赞(假)：0  |  浏览(假)：0  评论：0  来源标识： "," 审核：通过 资源：已完成 删除：未删除 订阅：否 置顶：0 | 置精：未置精 打赏次数：0 打赏收益：0 "," ip：203.10.99.58  城市：火星 "," 创：2026-04-01 18:44:52 改：2026-04-01 19:19:44 ","0","视频","sq_01(id: 247)","今日大瓜"
"324992","    Aff：315050220 , 谨慎与心情 Vip：undefined 余额：5  |  收益：0  认证：否     "," 巨骚女同学，求大佬帮脱 #AI换脸  巨骚女同学，求大佬帮脱 "," 图片：7  |  视频：0  点赞：0  |  浏览：0  点赞(假)：0  |  浏览(假)：0  评论：0  来源标识： "," 审核：待审核 资源：已完成 删除：未删除 订阅：否 置顶：0 | 置精：未置精 打赏次数：0 打赏收益：0 "," ip：223.160.148.26  城市：辽宁 "," 创：2026-04-01 18:42:38 改：2026-04-01 18:42:38 ","0","图片","(id: 0)","AI换脸"
"324991","    Aff：488731022 , 东南亚揭秘红先生 Vip：undefined 余额：0  |  收益：0  认证：  原创主       "," 记录第一次带表弟去铁皮房嫖娼，表弟开心得合不拢嘴，第一次面对女生没什么经验，只会不断抽插、摸胸 #达人原创  暑假带18岁的表弟阿杰第一次去城郊那排破旧铁皮房“开荤”。推开门，昏黄灯光下，一个皮肤白皙、身材微胖.... "," 图片：5  |  视频：1  点赞：0  |  浏览：0  点赞(假)：0  |  浏览(假)：0  评论：0  来源标识： "," 审核：待审核 资源：未完成 删除：未删除 订阅：否 置顶：0 | 置精：未置精 打赏次数：0 打赏收益：0 "," ip：171.4.240.57  城市：火星 "," 创：2026-04-01 18:41:01 改：2026-04-01 18:41:01 ","0","视频","(id: 0)","达人原创"
"324990","    Aff：325572373 , 夸 Vip：undefined 余额：30  |  收益：0  认证：否     "," 我要爬爬爬爬爬爬爬 #达人原创  ， "," 图片：0  |  视频：0  点赞：0  |  浏览：0  点赞(假)：0  |  浏览(假)：0  评论：0  来源标识： "," 审核：待审核 资源：已完成 删除：未删除 订阅：否 置顶：0 | 置精：未置精 打赏次数：0 打赏收益：0 "," ip：120.239.28.221  城市：广东 "," 创：2026-04-01 18:38:53 改：2026-04-01 18:38:53 ","0","文字","(id: 0)","达人原创"
"324989","    Aff：505088627 , 负责和柜子 Vip：undefined 余额：0  |  收益：0  认证：否     "," 肥臀母狗有喜欢的吗 #达人原创  肥臀母狗有喜欢的吗 "," 图片：0  |  视频：1  点赞：0  |  浏览：0  点赞(假)：0  |  浏览(假)：0  评论：0  来源标识： "," 审核：待审核 资源：未完成 删除：未删除 订阅：否 置顶：0 | 置精：未置精 打赏次数：0 打赏收益：0 "," ip：124.239.117.3  城市：河北 "," 创：2026-04-01 18:38:33 改：2026-04-01 18:38:33 ","0","视频","(id: 0)","达人原创"
"324988","    Aff：69377495 , 复杂与冬日 Vip：undefined 余额：0  |  收益：0  认证：否     "," 本人18找个姐姐互看 #达人原创  本人18，找个姐姐互看 "," 图片：0  |  视频：0  点赞：0  |  浏览：0  点赞(假)：0  |  浏览(假)：0  评论：0  来源标识： "," 审核：待审核 资源：已完成 删除：未删除 订阅：否 置顶：0 | 置精：未置精 打赏次数：0 打赏收益：0 "," ip：122.192.14.159  城市：江苏 "," 创：2026-04-01 18:38:24 改：2026-04-01 18:38:24 ","0","文字","(id: 0)","达人原创"
"324987","    Aff：6445885 , 想操秀 Vip：undefined 余额：0  |  收益：0  认证：否     "," 我老婆的大贱逼，想后续的留言，评论区留自己老婆的照片 #达人原创  我老婆的大贱逼，想后续的留言，评论区留自己老婆的照片 "," 图片：2  |  视频：0  点赞：0  |  浏览：0  点赞(假)：0  |  浏览(假)：0  评论：0  来源标识： "," 审核：待审核 资源：已完成 删除：未删除 订阅：否 置顶：0 | 置精：未置精 打赏次数：0 打赏收益：0 "," ip：39.162.230.15  城市：河南 "," 创：2026-04-01 18:35:56 改：2026-04-01 18:35:56 ","0","图片","(id: 0)","达人原创"
"324986","    Aff：456447678 , 缥缈向音响 Vip：undefined 余额：0  |  收益：0  认证：否     "," 山东滨州想吃几把 #原创视频  山东滨州想吃几把 "," 图片：0  |  视频：1  点赞：0  |  浏览：0  点赞(假)：0  |  浏览(假)：0  评论：0  来源标识： "," 审核：待审核 资源：未完成 删除：未删除 订阅：否 置顶：0 | 置精：未置精 打赏次数：0 打赏收益：0 "," ip：120.225.173.17  城市：山东 "," 创：2026-04-01 18:33:17 改：2026-04-01 18:33:17 ","0","视频","(id: 0)","原创视频"
"324985","    Aff：323218183 , 怡然钥匙 Vip：undefined 余额：0  |  收益：0  认证：否     "," 大哥们求脱我的妹妹 #AI写真  求 "," 图片：1  |  视频：0  点赞：0  |  浏览：0  点赞(假)：0  |  浏览(假)：0  评论：0  来源标识： "," 审核：待审核 资源：已完成 删除：未删除 订阅：否 置顶：0 | 置精：未置精 打赏次数：0 打赏收益：0 "," ip：183.197.149.239  城市：河北 "," 创：2026-04-01 18:30:51 改：2026-04-01 18:30:51 ","0","图片","(id: 0)","AI写真"
"324984","    Aff：206210880 , 粗暴保卫火 Vip：undefined 余额：0  |  收益：0  认证：否     "," 前女友的母狗生活，分手不到两天就跟别人睡觉了，真是个欠操的 #达人原创  前女友的母狗生活，分手不到两天就跟别人睡觉了，真是个欠操的 "," 图片：3  |  视频：0  点赞：0  |  浏览：0  点赞(假)：0  |  浏览(假)：0  评论：0  来源标识： "," 审核：待审核 资源：已完成 删除：未删除 订阅：否 置顶：0 | 置精：未置精 打赏次数：0 打赏收益：0 "," ip：117.9.16.52  城市：中国–天津–天津 "," 创：2026-04-01 18:30:23 改：2026-04-01 18:30:23 ","0","图片","(id: 0)","达人原创"
"324983","    Aff：484199298 , 高大就高跟鞋 Vip：undefined 余额：0  |  收益：0  认证：否     "," 帮忙看看骚逼被多少人操过，求重评！，母狗想看 #达人原创  帮忙看看骚逼被多少人操过，求重评！，母狗想看 "," 图片：3  |  视频：0  点赞：0  |  浏览：0  点赞(假)：0  |  浏览(假)：0  评论：0  来源标识： "," 审核：待审核 资源：已完成 删除：未删除 订阅：否 置顶：0 | 置精：未置精 打赏次数：0 打赏收益：0 "," ip：60.11.69.20  城市：黑龙江 "," 创：2026-04-01 18:29:32 改：2026-04-01 18:29:32 ","0","图片","(id: 0)","达人原创"
"324982","    Aff：365346384 , wobupeir Vip：undefined 余额：0  |  收益：0  认证：否     "," 骚女找我00000 #达人原创  。。。。。。。。。。。。。。。。。。。。。。。。。。。。。。。。。。。。。。。。。。。。。。。。。。.... "," 图片：1  |  视频：0  点赞：0  |  浏览：0  点赞(假)：0  |  浏览(假)：0  评论：0  来源标识： "," 审核：待审核 资源：已完成 删除：未删除 订阅：否 置顶：0 | 置精：未置精 打赏次数：0 打赏收益：0 "," ip：223.104.204.90  城市：陕西 "," 创：2026-04-01 18:28:47 改：2026-04-01 18:28:47 ","0","图片","(id: 0)","达人原创"
"324981","    Aff：203576020 , 后天NTR圣体 Vip：undefined 余额：0  |  收益：0  认证：否     "," 娇妻美臀第三弹，化身性奴的小骚妻 #人妻熟女  娇妻美臀第三弹，化身性奴的小骚妻 "," 图片：5  |  视频：1  点赞：0  |  浏览：0  点赞(假)：0  |  浏览(假)：0  评论：0  来源标识： "," 审核：待审核 资源：未完成 删除：未删除 订阅：否 置顶：0 | 置精：未置精 打赏次数：0 打赏收益：0 "," ip：223.104.202.87  城市：陕西 "," 创：2026-04-01 18:25:50 改：2026-04-01 18:25:50 ","0","视频","(id: 0)","人妻熟女"
"324980","    Aff：162028603 , 无情大树 Vip：undefined 余额：0  |  收益：0  认证：否     "," 怎么月抛啊，家人们求指导 #日常吐槽  好像知道哪里有免费炮 "," 图片：0  |  视频：0  点赞：0  |  浏览：52  点赞(假)：0  |  浏览(假)：0  评论：7  来源标识： "," 审核：通过 资源：已完成 删除：未删除 订阅：否 置顶：0 | 置精：未置精 打赏次数：0 打赏收益：0 "," ip：118.183.124.244  城市：甘肃 "," 创：2026-04-01 18:23:49 改：2026-04-01 19:48:50 ","0","文字","ljl123(id: 263)","日常吐槽"
"324979","    Aff：476347590 , 落后火龙果 Vip：undefined 余额：11  |  收益：0  认证：否     "," 有没有聊骚的女生 #达人原创  来个女生聊骚 "," 图片：0  |  视频：0  点赞：0  |  浏览：0  点赞(假)：0  |  浏览(假)：0  评论：0  来源标识： "," 审核：未通过 资源：已完成 删除：未删除 订阅：否 置顶：0 | 置精：未置精 打赏次数：0 打赏收益：0 "," ip：39.144.22.172  城市：河南 "," 创：2026-04-01 18:18:38 改：2026-04-01 18:30:43 ","0","文字","ljl123(id: 263)","达人原创"
"324978","    Aff：502910251 , 轻喘丝滑 Vip：undefined 余额：0  |  收益：0  认证：否     "," 短发御姐白嫩身材太犯规！床上自摸到高潮，腿张开任由猛男无套狂插，浪叫声又软又媚 #福利自拍  这个短发美女一看就很有御姐范，气质冷艳又带点成熟魅力，但一脱衣服就彻底暴露了小白嫩的淫荡本性！她躺在.... "," 图片：2  |  视频：1  点赞：0  |  浏览：0  点赞(假)：0  |  浏览(假)：0  评论：0  来源标识： "," 审核：待审核 资源：未完成 删除：未删除 订阅：否 置顶：0 | 置精：未置精 打赏次数：0 打赏收益：0 "," ip：43.255.54.136  城市：香港 "," 创：2026-04-01 18:17:47 改：2026-04-01 18:17:47 ","0","视频","(id: 0)","福利自拍"
"324977","    Aff：361977411 , 刻苦戒指 Vip：undefined 余额：0  |  收益：0  认证：否     "," 家人们，这个片谁有呀 #求瓜互助  家人们，这个片谁有呀 "," 图片：1  |  视频：0  点赞：0  |  浏览：0  点赞(假)：0  |  浏览(假)：0  评论：0  来源标识： "," 审核：待审核 资源：已完成 删除：未删除 订阅：否 置顶：0 | 置精：未置精 打赏次数：0 打赏收益：0 "," ip：101.71.37.99  城市：浙江 "," 创：2026-04-01 18:16:25 改：2026-04-01 18:16:25 ","0","图片","(id: 0)","求瓜互助"
"324976","    Aff：505468415 , 敏感板凳 Vip：undefined 余额：0  |  收益：0  认证：否     "," 破译手机看都秘密 #原创视频  破译手机看都秘密 "," 图片：2  |  视频：1  点赞：0  |  浏览：0  点赞(假)：0  |  浏览(假)：0  评论：0  来源标识： "," 审核：待审核 资源：未完成 删除：未删除 订阅：是 置顶：0 | 置精：未置精 打赏次数：0 打赏收益：0 "," ip：175.18.187.126  城市：吉林 "," 创：2026-04-01 18:15:01 改：2026-04-01 18:15:01 ","0","视频","(id: 0)","原创视频"
"324975","    Aff：502910251 , 轻喘丝滑 Vip：undefined 余额：0  |  收益：0  认证：否     "," 极品反差女郑思影肛交视频曝光！南昌大奶翘臀被四眼猛男爆肏屁眼，无套猛插到高潮喷白浆，浪叫不止 #福利自拍  江西南昌极品反差女郑思影露脸自拍彻底流出！外表看起来清纯甜美的她，私底下竟然是个隐藏极深的大奶大腚饥.... "," 图片：2  |  视频：1  点赞：0  |  浏览：0  点赞(假)：0  |  浏览(假)：0  评论：0  来源标识： "," 审核：待审核 资源：未完成 删除：未删除 订阅：否 置顶：0 | 置精：未置精 打赏次数：0 打赏收益：0 "," ip：43.255.54.136  城市：香港 "," 创：2026-04-01 18:14:34 改：2026-04-01 18:14:34 ","0","视频","(id: 0)","福利自拍"
"324974","    Aff：409325658 , 感性演变月亮 Vip：undefined 余额：0  |  收益：0  认证：否     "," 汾阳有没，来个汾阳的 #原创视频  汾阳##汾阳**来个汾阳的 "," 图片：0  |  视频：0  点赞：0  |  浏览：0  点赞(假)：0  |  浏览(假)：0  评论：0  来源标识： "," 审核：未通过 资源：已完成 删除：未删除 订阅：否 置顶：0 | 置精：未置精 打赏次数：0 打赏收益：0 "," ip：39.144.97.188  城市：山西 "," 创：2026-04-01 18:11:52 改：2026-04-01 18:30:43 ","0","文字","ljl123(id: 263)","原创视频"
"324973","    Aff：505473112 , 坦率小伙 Vip：undefined 余额：0  |  收益：0  认证：否     "," 做任务做任务签到 #达人原创  为了签到煞费苦心 "," 图片：0  |  视频：0  点赞：0  |  浏览：0  点赞(假)：0  |  浏览(假)：0  评论：0  来源标识： "," 审核：通过 资源：已完成 删除：未删除 订阅：否 置顶：0 | 置精：未置精 打赏次数：0 打赏收益：0 "," ip：109.110.162.208  城市：火星 "," 创：2026-04-01 18:11:07 改：2026-04-01 18:30:21 ","0","文字","ljl123(id: 263)","达人原创"
"324972","    Aff：266045112 , 喜悦的书包 Vip：undefined 余额：10  |  收益：0  认证：否     "," 合隆滴滴 合隆滴滴 #达人原创  合隆滴滴 合隆滴滴 "," 图片：0  |  视频：0  点赞：0  |  浏览：0  点赞(假)：0  |  浏览(假)：0  评论：0  来源标识： "," 审核：未通过 资源：已完成 删除：未删除 订阅：否 置顶：0 | 置精：未置精 打赏次数：0 打赏收益：0 "," ip：123.173.234.252  城市：吉林 "," 创：2026-04-01 18:10:49 改：2026-04-01 18:30:43 ","0","文字","ljl123(id: 263)","达人原创"
"324971","    Aff：505466712 , 无语踢小熊猫 Vip：undefined 余额：0  |  收益：0  认证：否     "," 打卡打卡打卡打卡 #抖音热门  `打卡打卡打卡打卡 "," 图片：0  |  视频：0  点赞：0  |  浏览：0  点赞(假)：0  |  浏览(假)：0  评论：0  来源标识： "," 审核：通过 资源：已完成 删除：未删除 订阅：否 置顶：0 | 置精：未置精 打赏次数：0 打赏收益：0 "," ip：223.160.174.244  城市：安徽 "," 创：2026-04-01 18:08:54 改：2026-04-01 18:30:21 ","0","文字","ljl123(id: 263)","抖音热门"
"324970","    Aff：249459232 , 丰饶小表妹 Vip：undefined 余额：1  |  收益：456  认证：  原创主       "," 约炮约到亲姐姐！一夜狂干三次，骚穴夹得我爽翻天，把我榨干内射爆了！ #福利自拍  昨晚在酒店约了个身材火辣的长发美女，本以为只是场刺激的一夜情，谁知见了面才发现——竟然是我的亲姐姐！.... "," 图片：5  |  视频：1  点赞：0  |  浏览：0  点赞(假)：0  |  浏览(假)：0  评论：0  来源标识： "," 审核：待审核 资源：未完成 删除：未删除 订阅：否 置顶：0 | 置精：未置精 打赏次数：0 打赏收益：0 "," ip：192.142.4.29  城市：火星 "," 创：2026-04-01 18:05:39 改：2026-04-01 18:05:39 ","0","视频","(id: 0)","福利自拍"
"324969","    Aff：499655868 , 故意斑马 Vip：undefined 余额：0  |  收益：0  认证：否     "," 签到签到签到签到签到 #达人原创  签到签到签到签到签到 "," 图片：0  |  视频：0  点赞：0  |  浏览：0  点赞(假)：0  |  浏览(假)：0  评论：0  来源标识： "," 审核：通过 资源：已完成 删除：未删除 订阅：否 置顶：0 | 置精：未置精 打赏次数：0 打赏收益：0 "," ip：223.104.108.159  城市：河南 "," 创：2026-04-01 18:04:10 改：2026-04-01 18:30:21 ","0","文字","ljl123(id: 263)","达人原创"
"324968","    Aff：460651757 , 拼搏鸵鸟 Vip：undefined 余额：0  |  收益：0  认证：否     "," 第三期廊坊 少妇，你没有你们认识的，第四个还挺好看 #原创视频  第三期廊坊 少妇，你没有你们认识的，第四个还挺好看 "," 图片：10  |  视频：0  点赞：0  |  浏览：0  点赞(假)：0  |  浏览(假)：0  评论：0  来源标识： "," 审核：待审核 资源：已完成 删除：未删除 订阅：否 置顶：0 | 置精：未置精 打赏次数：0 打赏收益：0 "," ip：110.251.1.246  城市：河北 "," 创：2026-04-01 17:59:02 改：2026-04-01 17:59:02 ","0","图片","(id: 0)","原创视频"
"324967","    Aff：478466753 , 壮观踢枕头 Vip：undefined 余额：1  |  收益：0  认证：否     "," 广西妹子下海做推油按摩打✈️爆一波，看看那个兄弟当接盘侠，宣传宣传 #今日大瓜  广西妹子下海做推油按摩打✈️爆一波，看看那个兄弟当接盘侠，宣传宣传 "," 图片：5  |  视频：0  点赞：0  |  浏览：0  点赞(假)：0  |  浏览(假)：0  评论：0  来源标识： "," 审核：待审核 资源：已完成 删除：未删除 订阅：否 置顶：0 | 置精：未置精 打赏次数：0 打赏收益：0 "," ip：14.112.38.205  城市：广东 "," 创：2026-04-01 17:57:26 改：2026-04-01 17:57:26 ","0","图片","(id: 0)","今日大瓜"
"324966","    Aff：460651757 , 拼搏鸵鸟 Vip：undefined 余额：0  |  收益：0  认证：否     "," 看看有没有你们女朋友或是老婆 #原创视频  看看有没有你们女朋友或是老婆 "," 图片：5  |  视频：3  点赞：0  |  浏览：0  点赞(假)：0  |  浏览(假)：0  评论：0  来源标识： "," 审核：待审核 资源：未完成 删除：未删除 订阅：否 置顶：0 | 置精：未置精 打赏次数：0 打赏收益：0 "," ip：110.251.1.246  城市：河北 "," 创：2026-04-01 17:55:20 改：2026-04-01 17:55:20 ","0","视频","(id: 0)","原创视频"
"324965","    Aff：81201736 , 随心所欲 Vip：undefined 余额：0  |  收益：0  认证：否     "," 试发一下看看能不能行 #资源分享  -试一下看一下 "," 图片：2  |  视频：0  点赞：0  |  浏览：0  点赞(假)：0  |  浏览(假)：0  评论：0  来源标识： "," 审核：待审核 资源：已完成 删除：未删除 订阅：否 置顶：0 | 置精：未置精 打赏次数：0 打赏收益：0 "," ip：110.7.140.255  城市：内蒙古 "," 创：2026-04-01 17:49:11 改：2026-04-01 17:49:11 ","0","图片","(id: 0)","资源分享"
"324964","    Aff：486681366 , 满意故事 Vip：undefined 余额：0  |  收益：0  认证：否     "," 来人羞辱我对象，说得好给草 #达人原创  y100-100-100 "," 图片：0  |  视频：1  点赞：0  |  浏览：0  点赞(假)：0  |  浏览(假)：0  评论：0  来源标识： "," 审核：待审核 资源：未完成 删除：未删除 订阅：否 置顶：0 | 置精：未置精 打赏次数：0 打赏收益：0 "," ip：223.79.36.97  城市：山东 "," 创：2026-04-01 17:47:29 改：2026-04-01 17:47:29 ","0","视频","(id: 0)","达人原创"
"324963","    Aff：490928576 , 迅速就小刺猬 Vip：undefined 余额：0  |  收益：0  认证：否     "," 南充的狗，，，，， #人妻熟女  有没有南充交流的，南充dou莹风霜 "," 图片：2  |  视频：0  点赞：0  |  浏览：0  点赞(假)：0  |  浏览(假)：0  评论：0  来源标识： "," 审核：待审核 资源：已完成 删除：未删除 订阅：否 置顶：0 | 置精：未置精 打赏次数：0 打赏收益：0 "," ip：110.191.57.116  城市：四川 "," 创：2026-04-01 17:47:14 改：2026-04-01 17:47:14 ","0","图片","(id: 0)","人妻熟女"
"324962","    Aff：502460538 , 老狼 Vip：undefined 余额：0  |  收益：0  认证：否     "," 棒棒糖怎么越吃越硬 #达人原创  棒棒糖怎么越吃越硬 "," 图片：2  |  视频：0  点赞：0  |  浏览：0  点赞(假)：0  |  浏览(假)：0  评论：0  来源标识： "," 审核：待审核 资源：已完成 删除：未删除 订阅：否 置顶：0 | 置精：未置精 打赏次数：0 打赏收益：0 "," ip：218.12.16.42  城市：河北 "," 创：2026-04-01 17:46:54 改：2026-04-01 17:46:54 ","0","图片","(id: 0)","达人原创"
"324961","    Aff：126641211 , 明亮蜜粉 Vip：undefined 余额：3  |  收益：0  认证：否     "," 新人彤彤  这个屁股第一次见就觉得必定生儿子 #AI换脸  新人彤彤  这个屁股第一次见就觉得必定生儿子 "," 图片：4  |  视频：0  点赞：0  |  浏览：0  点赞(假)：0  |  浏览(假)：0  评论：0  来源标识： "," 审核：待审核 资源：已完成 删除：未删除 订阅：是 置顶：0 | 置精：未置精 打赏次数：0 打赏收益：0 "," ip：39.144.58.147  城市：辽宁 "," 创：2026-04-01 17:38:49 改：2026-04-01 17:38:49 ","0","图片","(id: 0)","AI换脸"
"324960","    Aff：50448381 , 慈祥世界 Vip：undefined 余额：0  |  收益：0  认证：否     "," 干得骚逼老婆直叫爸爸好舒服 #达人原创  干得骚逼老婆直叫爸爸好舒服 "," 图片：0  |  视频：1  点赞：0  |  浏览：0  点赞(假)：0  |  浏览(假)：0  评论：0  来源标识： "," 审核：待审核 资源：未完成 删除：未删除 订阅：否 置顶：0 | 置精：未置精 打赏次数：0 打赏收益：0 "," ip：60.163.62.51  城市：浙江 "," 创：2026-04-01 17:33:05 改：2026-04-01 17:33:05 ","0","视频","(id: 0)","达人原创"
"324959","    Aff：407374404 , 飘逸店员 Vip：undefined 余额：0  |  收益：0  认证：否     "," 甘肃这边有妹妹想被调教那 #日常吐槽  调教 "," 图片：0  |  视频：0  点赞：0  |  浏览：0  点赞(假)：0  |  浏览(假)：0  评论：0  来源标识： "," 审核：未通过 资源：已完成 删除：未删除 订阅：否 置顶：0 | 置精：未置精 打赏次数：0 打赏收益：0 "," ip：115.85.252.53  城市：甘肃 "," 创：2026-04-01 17:33:00 改：2026-04-01 18:30:43 ","0","文字","ljl123(id: 263)","日常吐槽"
"324958","    Aff：499716086 , 甜甜小笼包 Vip：undefined 余额：0  |  收益：0  认证：否     "," 有没有人妻互换的教程 #瓜友原创  一直想换就是不得要领 "," 图片：0  |  视频：0  点赞：0  |  浏览：0  点赞(假)：0  |  浏览(假)：0  评论：0  来源标识： "," 审核：未通过 资源：已完成 删除：未删除 订阅：否 置顶：0 | 置精：未置精 打赏次数：0 打赏收益：0 "," ip：1.193.121.66  城市：河南 "," 创：2026-04-01 17:29:47 改：2026-04-01 18:30:43 ","0","文字","ljl123(id: 263)","瓜友原创"
"324957","    Aff：502760605 , 故意打香氛 Vip：undefined 余额：4  |  收益：0  认证：否     "," lsssb毋庸置疑绝对骚骚的ls #AI换脸  lsssb毋庸置疑绝对骚骚的ls "," 图片：1  |  视频：0  点赞：0  |  浏览：0  点赞(假)：0  |  浏览(假)：0  评论：0  来源标识： "," 审核：待审核 资源：已完成 删除：未删除 订阅：是 置顶：0 | 置精：未置精 打赏次数：0 打赏收益：0 "," ip：39.144.58.147  城市：辽宁 "," 创：2026-04-01 17:29:14 改：2026-04-01 17:29:14 ","0","图片","(id: 0)","AI换脸"
"324956","    Aff：175471916 , 调皮等于美女 Vip：undefined 余额：4  |  收益：0  认证：否     "," 彤彤啊彤彤  你这屁股必定生儿子 #AI换脸  彤彤啊彤彤  你这屁股必定生儿子 "," 图片：4  |  视频：0  点赞：0  |  浏览：0  点赞(假)：0  |  浏览(假)：0  评论：0  来源标识： "," 审核：待审核 资源：已完成 删除：未删除 订阅：是 置顶：0 | 置精：未置精 打赏次数：0 打赏收益：0 "," ip：39.144.58.147  城市：辽宁 "," 创：2026-04-01 17:27:21 改：2026-04-01 17:27:21 ","0","图片","(id: 0)","AI换脸"
"324955","    Aff：363288585 , 甜美西安 Vip：undefined 余额：0  |  收益：0  认证：否     "," 妈妈们，可以羞辱一下我的鸡鸡吗呜呜\\ud83e\\udd7a（求过） #福利自拍  妈妈们，可以羞辱一下我的鸡鸡吗呜呜🥺（求过） "," 图片：1  |  视频：0  点赞：0  |  浏览：0  点赞(假)：0  |  浏览(假)：0  评论：0  来源标识： "," 审核：待审核 资源：已完成 删除：未删除 订阅：否 置顶：0 | 置精：未置精 打赏次数：0 打赏收益：0 "," ip：112.251.214.14  城市：山东 "," 创：2026-04-01 17:26:47 改：2026-04-01 17:26:47 ","0","图片","(id: 0)","福利自拍"
"324954","    Aff：464343759 , 平淡保卫月光 Vip：undefined 余额：0  |  收益：0  认证：否     "," 全自动，骚到你控制不住 #原创视频  *x15x-cg-x16xx15x-cg-x16x>x15x-cg-x16xx15x-cg-x16x.... "," 图片：1  |  视频：1  点赞：0  |  浏览：0  点赞(假)：0  |  浏览(假)：0  评论：0  来源标识： "," 审核：待审核 资源：未完成 删除：未删除 订阅：否 置顶：0 | 置精：未置精 打赏次数：0 打赏收益：0 "," ip：111.19.108.106  城市：陕西 "," 创：2026-04-01 17:25:57 改：2026-04-01 17:25:57 ","0","视频","(id: 0)","原创视频"
"324953","    Aff：501533221 , 开心枕头 Vip：undefined 余额：0  |  收益：0  认证：否     "," 找个反差\\ud83d\\udc36调教文 第三张点开看 #达人原创  找个反差🐶调教文 第三张点开看 "," 图片：3  |  视频：0  点赞：0  |  浏览：0  点赞(假)：0  |  浏览(假)：0  评论：0  来源标识： "," 审核：待审核 资源：已完成 删除：未删除 订阅：否 置顶：0 | 置精：未置精 打赏次数：0 打赏收益：0 "," ip：117.189.242.171  城市：贵州 "," 创：2026-04-01 17:25:53 改：2026-04-01 17:25:53 ","0","图片","(id: 0)","达人原创"
"324952","    Aff：61757476 , 玩命用雪糕 Vip：undefined 余额：0  |  收益：0  认证：否     "," 白白嫩嫩的白嫩嫩 #达人原创  白白嫩嫩的白嫩嫩 "," 图片：1  |  视频：0  点赞：0  |  浏览：0  点赞(假)：0  |  浏览(假)：0  评论：0  来源标识： "," 审核：待审核 资源：已完成 删除：未删除 订阅：否 置顶：0 | 置精：未置精 打赏次数：0 打赏收益：0 "," ip：39.144.233.120  城市：火星 "," 创：2026-04-01 17:23:47 改：2026-04-01 17:23:47 ","0","图片","(id: 0)","达人原创"
"324951","    Aff：30371439 , 欢喜冰棍 Vip：undefined 余额：0  |  收益：0  认证：否     "," 前女友视频和图片 #达人原创  前女友视频和图片 "," 图片：2  |  视频：0  点赞：0  |  浏览：0  点赞(假)：0  |  浏览(假)：0  评论：0  来源标识： "," 审核：待审核 资源：已完成 删除：未删除 订阅：否 置顶：0 | 置精：未置精 打赏次数：0 打赏收益：0 "," ip：223.160.185.65  城市：四川 "," 创：2026-04-01 17:18:19 改：2026-04-01 17:18:19 ","0","图片","(id: 0)","达人原创"
"324950","    Aff：458703372 , 细腻给钢笔 Vip：undefined 余额：0  |  收益：0  认证：否     "," 我是骚逼母狗臭婊子 #女友视角  最近跟老公离婚了好寂寞，想找个长期炮友。喜欢被无套内射。会嗦会裹，保证让你舒服的欲仙欲死。 "," 图片：0  |  视频：1  点赞：0  |  浏览：0  点赞(假)：0  |  浏览(假)：0  评论：0  来源标识： "," 审核：待审核 资源：未完成 删除：未删除 订阅：否 置顶：0 | 置精：未置精 打赏次数：0 打赏收益：0 "," ip：123.179.106.167  城市：内蒙古 "," 创：2026-04-01 17:18:16 改：2026-04-01 17:18:16 ","0","视频","(id: 0)","女友视角"
"324949","    Aff：499335347 , 山谷aaa Vip：undefined 余额：0  |  收益：0  认证：否     "," 好像破处啊真的好想 #达人原创  找你的好想每天都想 "," 图片：0  |  视频：0  点赞：1  |  浏览：0  点赞(假)：0  |  浏览(假)：0  评论：7  来源标识： "," 审核：通过 资源：已完成 删除：未删除 订阅：否 置顶：0 | 置精：未置精 打赏次数：0 打赏收益：0 "," ip：111.55.112.87  城市：黑龙江 "," 创：2026-04-01 17:16:00 改：2026-04-01 19:48:49 ","0","文字","ljl123(id: 263)","达人原创"
"324948","    Aff：498597205 , 坦率迎音响 Vip：undefined 余额：1  |  收益：0  认证：否     "," 签到签到签到签到 #达人原创  签到签到签到签到 "," 图片：0  |  视频：0  点赞：1  |  浏览：0  点赞(假)：0  |  浏览(假)：0  评论：0  来源标识： "," 审核：通过 资源：已完成 删除：未删除 订阅：否 置顶：0 | 置精：未置精 打赏次数：0 打赏收益：0 "," ip：111.49.85.1  城市：宁夏 "," 创：2026-04-01 17:08:13 改：2026-04-01 19:21:36 ","0","文字","ljl123(id: 263)","达人原创"
"324947","    Aff：201953422 , 时尚扯中心 Vip：undefined 余额：0  |  收益：0  认证：否     "," 这个我是真喜欢啊 #情欲故事  这个我是真喜欢啊 "," 图片：0  |  视频：0  点赞：0  |  浏览：0  点赞(假)：0  |  浏览(假)：0  评论：0  来源标识： "," 审核：通过 资源：已完成 删除：未删除 订阅：否 置顶：0 | 置精：未置精 打赏次数：0 打赏收益：0 "," ip：112.103.56.230  城市：黑龙江 "," 创：2026-04-01 17:05:52 改：2026-04-01 17:10:37 ","0","文字","ljl123(id: 263)","情欲故事"
"324946","    Aff：330186544 , 酷酷迎奇迹 Vip：undefined 余额：0  |  收益：0  认证：否     "," 复制网址用自带浏览器打开，51吃瓜-带你吃最新最热的瓜！
永久免费吃瓜App下载地址  https: #原创视频  复制网址用自带浏览器打开，51吃瓜-带你吃最新最热的瓜！永久免费吃瓜App下载地址https://9.... "," 图片：0  |  视频：0  点赞：0  |  浏览：0  点赞(假)：0  |  浏览(假)：0  评论：0  来源标识： "," 审核：通过 资源：已完成 删除：未删除 订阅：否 置顶：0 | 置精：未置精 打赏次数：0 打赏收益：0 "," ip：117.179.58.57  城市：黑龙江 "," 创：2026-04-01 17:05:01 改：2026-04-01 17:10:37 ","0","文字","ljl123(id: 263)","原创视频"
"324945","    Aff：455023217 , 明理扯衬衫 Vip：undefined 余额：2001  |  收益：0  认证：否     "," 贱逼小母狗小玉问有人想喝嘛 #达人原创  贱逼小母狗小玉问有人想喝嘛 "," 图片：2  |  视频：1  点赞：0  |  浏览：0  点赞(假)：0  |  浏览(假)：0  评论：0  来源标识： "," 审核：待审核 资源：未完成 删除：未删除 订阅：否 置顶：0 | 置精：未置精 打赏次数：0 打赏收益：0 "," ip：223.10.134.19  城市：山西 "," 创：2026-04-01 17:05:01 改：2026-04-01 17:05:01 ","0","视频","(id: 0)","达人原创"
"324944","    Aff：381488998 , 坚强美女 Vip：undefined 余额：0  |  收益：0  认证：否     "," 以下都为本人自愿自曝 #达人原创  以下都为本人自愿自曝，曾蕾，29岁，165/100，B罩杯，河北石家庄机关单位，16岁勾引老师，被两.... "," 图片：2  |  视频：0  点赞：5  |  浏览：1840  点赞(假)：0  |  浏览(假)：0  评论：24  来源标识： "," 审核：通过 资源：已完成 删除：未删除 订阅：否 置顶：0 | 置精：未置精 打赏次数：0 打赏收益：0 "," ip：223.104.195.114  城市：山东 "," 创：2026-04-01 17:04:10 改：2026-04-01 19:52:26 ","0","图片","ljl123(id: 263)","达人原创"
"324943","    Aff：317439982 , MK Vip：undefined 余额：30  |  收益：0  认证：否     "," 她真的好会夹住我，太紧了也 #达人原创  分手后胸还是很漂亮的，说才和男朋友分手，分手心情不好，做完了说已经忘了他了 "," 图片：1  |  视频：1  点赞：4  |  浏览：2006  点赞(假)：0  |  浏览(假)：0  评论：1  来源标识： "," 审核：通过 资源：已完成 删除：未删除 订阅：否 置顶：0 | 置精：未置精 打赏次数：0 打赏收益：0 "," ip：182.149.79.214  城市：四川 "," 创：2026-04-01 17:03:55 改：2026-04-01 19:52:27 ","0","视频","ljl123(id: 263)","达人原创"
"324942","    Aff：456013633 , 上海金主 Vip：undefined 余额：0  |  收益：0  认证：否     "," 美术生 女大学生 御姐脸巨乳肥臀 #原创视频  江苏女大学生全国可飞把她点到上海来特意服务我操的贼爽逼巨嫩巨粉的逼水特别多骚母狗被狠狠的插入了（🔍蜜.... "," 图片：5  |  视频：1  点赞：2  |  浏览：315  点赞(假)：0  |  浏览(假)：0  评论：1  来源标识： "," 审核：通过 资源：已完成 删除：未删除 订阅：否 置顶：0 | 置精：未置精 打赏次数：0 打赏收益：0 "," ip：153.3.60.53  城市：江苏 "," 创：2026-04-01 16:59:57 改：2026-04-01 19:52:24 ","0","视频","ljl123(id: 263)","原创视频"
"324941","    Aff：503794658 , 无语与网络 Vip：undefined 余额：0  |  收益：0  认证：否     "," 微胖多水欠操人妻 #达人原创  广东新会司前人妻有同地域的兄弟吗？私信我分享给各位大哥也去尝尝 "," 图片：0  |  视频：0  点赞：0  |  浏览：0  点赞(假)：0  |  浏览(假)：0  评论：0  来源标识： "," 审核：未通过 资源：已完成 删除：未删除 订阅：否 置顶：0 | 置精：未置精 打赏次数：0 打赏收益：0 "," ip：120.230.190.40  城市：广东 "," 创：2026-04-01 16:57:16 改：2026-04-01 17:10:47 ","0","文字","ljl123(id: 263)","达人原创"
