id,用户,昵称,状态,审核人,原因,创建时间,更新时间
"302807","    Aff：9670439 , 谁登陆我的号了 Vip：普通 余额：0  |  收益：0  认证：否     ","我登陆你号了","待审核","","","2026-04-03 22:37:36","2026-04-03 22:37:36"
"302806","    Aff：506312180 , 精明外套 Vip：普通 余额：0  |  收益：0  认证：否     ","咕咕嘎嘎","待审核","","","2026-04-03 22:36:10","2026-04-03 22:36:10"
"302805","    Aff：486167091 , 苗条有中心 Vip：普通 余额：0  |  收益：0  认证：否     ","韩不要脸","待审核","","","2026-04-03 22:35:23","2026-04-03 22:35:23"
"302804","    Aff：324781473 , 典雅给秋天 Vip：普通 余额：0  |  收益：0  认证：否     ","","已通过","ake123(id: 256)","","2026-04-03 22:27:34","2026-04-03 22:32:20"
"302803","    Aff：414018052 , 温婉打大碗 Vip：普通 余额：0  |  收益：0  认证：否     ","mnysd37","未通过","ake123(id: 256)","3、带有联系方式","2026-04-03 22:27:22","2026-04-03 22:32:50"
"302802","    Aff：497518303 , 老迟到果汁 Vip：普通 余额：0  |  收益：0  认证：否     ","","未通过","ake123(id: 256)","3、带有联系方式","2026-04-03 22:18:00","2026-04-03 22:32:50"
"302801","    Aff：252558365 , 口 Vip：普通 余额：0  |  收益：0  认证：否     ","口","已通过","ake123(id: 256)","","2026-04-03 22:17:26","2026-04-03 22:32:20"
"302800","    Aff：323459442 , 内向小松鼠 Vip：普通 余额：0  |  收益：0  认证：否     ","","已通过","ake123(id: 256)","","2026-04-03 22:15:58","2026-04-03 22:32:20"
"302799","    Aff：329267982 , 勤奋方大米 Vip：普通 余额：0  |  收益：0  认证：否     ","Cinderel","未通过","ake123(id: 256)","3、带有联系方式","2026-04-03 22:13:06","2026-04-03 22:32:50"
"302798","    Aff：507023814 , 高高鸡翅 Vip：普通 余额：0  |  收益：0  认证：否     ","","已通过","ake123(id: 256)","","2026-04-03 22:04:39","2026-04-03 22:32:20"
"302797","    Aff：507008162 , 路 Vip：普通 余额：0  |  收益：0  认证：否     ","路","已通过","ake123(id: 256)","","2026-04-03 22:02:21","2026-04-03 22:32:20"
"302796","    Aff：475230753 , 小忧郁 Vip：普通 余额：0  |  收益：0  认证：否     ","小忧郁","已通过","ake123(id: 256)","","2026-04-03 21:59:55","2026-04-03 22:32:20"
"302795","    Aff：499859648 , jiaosao Vip：普通 余额：0  |  收益：0  认证：否     ","jiaosao","已通过","ake123(id: 256)","","2026-04-03 21:48:01","2026-04-03 22:32:20"
"302794","    Aff：418534336 , 神龙尊者 Vip：普通 余额：0  |  收益：0  认证：否     ","神龙尊者","已通过","ake123(id: 256)","","2026-04-03 21:39:40","2026-04-03 22:32:20"
"302793","    Aff：332932256 , 操烂小逼逼 Vip：普通 余额：0  |  收益：0  认证：否     ","操烂小逼逼","已通过","ake123(id: 256)","","2026-04-03 21:39:12","2026-04-03 22:32:20"
"302792","    Aff：507010735 , 欣喜给月亮 Vip：普通 余额：0  |  收益：0  认证：否     ","","已通过","ake123(id: 256)","","2026-04-03 21:37:32","2026-04-03 22:32:20"
"302791","    Aff：463565516 , 我爱焕焕 Vip：普通 余额：0  |  收益：0  认证：否     ","","未通过","ake123(id: 256)","3、带有联系方式","2026-04-03 21:33:59","2026-04-03 22:32:50"
"302790","    Aff：506990015 , 猎鹰 Vip：普通 余额：0  |  收益：0  认证：否     ","猎鹰","已通过","ake123(id: 256)","","2026-04-03 21:30:04","2026-04-03 22:32:20"
"302789","    Aff：507007155 , 繁荣黄蜂 Vip：普通 余额：0  |  收益：0  认证：否     ","jacky","未通过","ake123(id: 256)","3、带有联系方式","2026-04-03 21:28:59","2026-04-03 22:32:50"
"302788","    Aff：507005849 , qq Vip：普通 余额：0  |  收益：0  认证：否     ","qq","已通过","ljl123(id: 263)","","2026-04-03 21:25:26","2026-04-03 21:28:36"
"302787","    Aff：472568908 , xcb Vip：普通 余额：0  |  收益：0  认证：否     ","xcb","已通过","ljl123(id: 263)","","2026-04-03 21:24:34","2026-04-03 21:28:13"
"302786","    Aff：507004230 , 水与 Vip：普通 余额：0  |  收益：0  认证：否     ","水与","已通过","ljl123(id: 263)","","2026-04-03 21:23:46","2026-04-03 21:28:13"
"302785","    Aff：486496589 , 长春优质单男 Vip：普通 余额：0  |  收益：0  认证：否     ","长春优质单男","已通过","ljl123(id: 263)","","2026-04-03 21:13:53","2026-04-03 21:28:13"
"302784","    Aff：460702690 , 安静的糖豆 Vip：普通 余额：25  |  收益：0  认证：否     ","","已通过","ljl123(id: 263)","","2026-04-03 21:13:31","2026-04-03 21:28:13"
"302783","    Aff：100065467 , 青少年 Vip：年卡 余额：0  |  收益：0  认证：否     ","青少年","已通过","ljl123(id: 263)","","2026-04-03 21:09:51","2026-04-03 21:28:13"
"302782","    Aff：222800143 , 缓慢航空 Vip：普通 余额：0  |  收益：0  认证：否     ","","已通过","ljl123(id: 263)","","2026-04-03 21:04:48","2026-04-03 21:28:13"
"302781","    Aff：506994550 , 一二三木头人 Vip：普通 余额：0  |  收益：0  认证：否     ","一二三木头人","已通过","ljl123(id: 263)","","2026-04-03 21:01:31","2026-04-03 21:28:13"
"302780","    Aff：503781223 , 张wengxuw Vip：普通 余额：0  |  收益：0  认证：否     ","张wengxuw","已通过","ljl123(id: 263)","","2026-04-03 21:01:18","2026-04-03 21:28:13"
"302779","    Aff：91366037 , 专一用帽子 Vip：普通 余额：0  |  收益：0  认证：否     ","","已通过","ljl123(id: 263)","","2026-04-03 20:54:26","2026-04-03 21:28:13"
"302778","    Aff：506990103 , 闪闪钢笔 Vip：普通 余额：0  |  收益：0  认证：否     ","","已通过","ljl123(id: 263)","","2026-04-03 20:52:20","2026-04-03 21:28:13"
"302777","    Aff：452288706 , 电棍otto Vip：普通 余额：0  |  收益：0  认证：否     ","电棍otto","已通过","ljl123(id: 263)","","2026-04-03 20:47:38","2026-04-03 21:28:13"
"302776","    Aff：68885756 , 吴涛 Vip：普通 余额：0  |  收益：0  认证：否     ","吴涛","已通过","ljl123(id: 263)","","2026-04-03 20:46:45","2026-04-03 21:28:13"
"302775","    Aff：506979342 , 鱼 Vip：普通 余额：0  |  收益：0  认证：否     ","鱼","已通过","ljl123(id: 263)","","2026-04-03 20:43:23","2026-04-03 21:28:12"
"302774","    Aff：506942371 , 缓慢就尊云 Vip：普通 余额：0  |  收益：0  认证：否     ","","已通过","ljl123(id: 263)","","2026-04-03 20:39:26","2026-04-03 21:28:12"
"302773","    Aff：504825254 , 震动踢乌龟 Vip：普通 余额：0  |  收益：0  认证：否     ","","已通过","ljl123(id: 263)","","2026-04-03 20:36:59","2026-04-03 21:28:12"
"302772","    Aff：464590796 , 哈哈 Vip：普通 余额：0  |  收益：0  认证：否     ","哈哈","已通过","ljl123(id: 263)","","2026-04-03 20:32:46","2026-04-03 21:28:12"
"302771","    Aff：505055427 , 星辰翼 Vip：普通 余额：0  |  收益：0  认证：否     ","星辰翼","已通过","ljl123(id: 263)","","2026-04-03 20:32:00","2026-04-03 21:28:12"
"302770","    Aff：506982266 , 忧心用流沙 Vip：普通 余额：0  |  收益：0  认证：否     ","","已通过","ljl123(id: 263)","","2026-04-03 20:31:13","2026-04-03 21:28:12"
"302769","    Aff：232620263 , 董伟 Vip：普通 余额：0  |  收益：0  认证：否     ","董伟","已通过","ljl123(id: 263)","","2026-04-03 20:29:49","2026-04-03 21:28:12"
"302768","    Aff：326191756 , 彩色有芹菜 Vip：普通 余额：0  |  收益：0  认证：否     ","","已通过","ljl123(id: 263)","","2026-04-03 20:28:12","2026-04-03 21:28:12"
"302767","    Aff：503686075 , 小陶 Vip：普通 余额：0  |  收益：0  认证：否     ","小陶","已通过","ljl123(id: 263)","","2026-04-03 20:14:54","2026-04-03 21:28:12"
"302766","    Aff：469713160 , 无语歌曲 Vip：普通 余额：0  |  收益：0  认证：否     ","","已通过","ljl123(id: 263)","","2026-04-03 20:12:31","2026-04-03 21:28:12"
"302765","    Aff：506974581 , 无语巨人 Vip：普通 余额：0  |  收益：0  认证：否     ","","已通过","ljl123(id: 263)","","2026-04-03 20:10:28","2026-04-03 21:28:12"
"302764","    Aff：506973134 , 刻苦蓝天 Vip：普通 余额：0  |  收益：0  认证：否     ","","已通过","ljl123(id: 263)","","2026-04-03 20:05:23","2026-04-03 21:28:12"
"302763","    Aff：227962724 , 小小苏 Vip：普通 余额：0  |  收益：0  认证：否     ","小小苏","已通过","ljl123(id: 263)","","2026-04-03 20:01:27","2026-04-03 21:28:12"
"302762","    Aff：476289493 , 自由酒窝 Vip：普通 余额：0  |  收益：0  认证：否     ","","已通过","ljl123(id: 263)","","2026-04-03 20:00:25","2026-04-03 21:28:12"
"302761","    Aff：409023159 , 李小钊 Vip：普通 余额：0  |  收益：0  认证：否     ","李小钊","已通过","ljl123(id: 263)","","2026-04-03 19:59:05","2026-04-03 21:28:12"
"302760","    Aff：91401155 , 11111111 Vip：普通 余额：0  |  收益：0  认证：否     ","11111111","已通过","ljl123(id: 263)","","2026-04-03 19:45:01","2026-04-03 21:28:12"
"302759","    Aff：323874456 , 我欲成魔 Vip：普通 余额：0  |  收益：0  认证：否     ","我欲成魔","已通过","ljl123(id: 263)","","2026-04-03 19:41:57","2026-04-03 21:28:12"
"302758","    Aff：482576332 , 昊 Vip：普通 余额：0  |  收益：0  认证：否     ","昊","已通过","ljl123(id: 263)","","2026-04-03 19:41:48","2026-04-03 21:28:12"
"302757","    Aff：465663969 , 人间四月天 Vip：普通 余额：0  |  收益：0  认证：否     ","人间四月天","已通过","ljl123(id: 263)","","2026-04-03 19:26:44","2026-04-03 21:28:12"
"302756","    Aff：506915124 , 宝宝别道观 Vip：普通 余额：0  |  收益：0  认证：否     ","宝宝别道观","已通过","ljl123(id: 263)","","2026-04-03 19:24:55","2026-04-03 21:28:12"
"302755","    Aff：253293466 , 高贵草丛 Vip：普通 余额：0  |  收益：0  认证：否     ","","已通过","ljl123(id: 263)","","2026-04-03 19:21:10","2026-04-03 21:28:12"
"302754","    Aff：208028081 , 烂漫铃铛 Vip：普通 余额：0  |  收益：0  认证：否     ","","已通过","ljl123(id: 263)","","2026-04-03 19:05:45","2026-04-03 21:28:12"
"302753","    Aff：198185966 , 专业中出后入内射 Vip：普通 余额：0  |  收益：0  认证：否     ","专业中出后入内射","已通过","ljl123(id: 263)","","2026-04-03 19:05:45","2026-04-03 21:28:12"
"302752","    Aff：502480557 , 宇宙第一外星人 Vip：普通 余额：0  |  收益：0  认证：否     ","宇宙第一外星人","已通过","ljl123(id: 263)","","2026-04-03 18:36:19","2026-04-03 21:28:12"
"302751","    Aff：313451731 , 危险品 Vip：普通 余额：0  |  收益：0  认证：否     ","危险品","已通过","ljl123(id: 263)","","2026-04-03 18:32:47","2026-04-03 21:28:12"
"302750","    Aff：506930546 , 库库干 Vip：普通 余额：0  |  收益：0  认证：否     ","库库干","已通过","ljl123(id: 263)","","2026-04-03 18:30:12","2026-04-03 21:28:12"
"302749","    Aff：506937689 , 难过大神 Vip：普通 余额：0  |  收益：0  认证：否     ","","已通过","ljl123(id: 263)","","2026-04-03 18:25:07","2026-04-03 21:28:12"
"302748","    Aff：348804430 , 老实扯外套 Vip：普通 余额：0  |  收益：0  认证：否     ","","已通过","ljl123(id: 263)","","2026-04-03 18:24:33","2026-04-03 21:28:12"
"302747","    Aff：506928007 , 消夏吃水 Vip：普通 余额：0  |  收益：0  认证：否     ","消夏吃水","已通过","ljl123(id: 263)","","2026-04-03 18:00:41","2026-04-03 21:28:12"
"302746","    Aff：284038338 , Fish Vip：普通 余额：0  |  收益：0  认证：否     ","Fish","已通过","ljl123(id: 263)","","2026-04-03 17:52:27","2026-04-03 21:28:12"
"302745","    Aff：433137080 , 母狗曹颖 Vip：普通 余额：0  |  收益：0  认证：否     ","母狗曹颖","已通过","ljl123(id: 263)","","2026-04-03 17:38:08","2026-04-03 21:28:12"
"302744","    Aff：421856771 , 骚逼男娘 Vip：普通 余额：0  |  收益：0  认证：否     ","骚逼男娘","已通过","ljl123(id: 263)","","2026-04-03 17:37:18","2026-04-03 21:28:12"
"302743","    Aff：464348367 , 卯金 Vip：普通 余额：0  |  收益：0  认证：否     ","卯金","已通过","ljl123(id: 263)","","2026-04-03 17:35:59","2026-04-03 21:28:12"
"302742","    Aff：450598353 , 大胆的糖豆 Vip：普通 余额：0  |  收益：0  认证：否     ","","已通过","ljl123(id: 263)","","2026-04-03 17:33:47","2026-04-03 21:28:12"
"302741","    Aff：10765271 , 余悸 Vip：普通 余额：0  |  收益：0  认证：否     ","余悸","已通过","ljl123(id: 263)","","2026-04-03 17:28:47","2026-04-03 21:28:12"
"302740","    Aff：352881951 , 犹豫方钢笔 Vip：普通 余额：0  |  收益：0  认证：否     ","","已通过","ljl123(id: 263)","","2026-04-03 17:28:10","2026-04-03 21:28:11"
"302739","    Aff：442295056 , 天真迎背包 Vip：普通 余额：0  |  收益：0  认证：否     ","","已通过","ljl123(id: 263)","","2026-04-03 17:13:30","2026-04-03 21:28:11"
"302738","    Aff：376848931 , 幻梦离 Vip：普通 余额：0  |  收益：0  认证：否     ","幻梦离","已通过","ljl123(id: 263)","","2026-04-03 17:13:28","2026-04-03 21:28:11"
"302737","    Aff：504690568 , 来上我 Vip：普通 余额：0  |  收益：0  认证：否     ","来上我","已通过","ljl123(id: 263)","","2026-04-03 17:09:47","2026-04-03 21:28:11"
"302736","    Aff：506906571 , 冷艳发卡 Vip：普通 余额：0  |  收益：0  认证：否     ","","已通过","ljl123(id: 263)","","2026-04-03 17:09:23","2026-04-03 21:28:11"
"302735","    Aff：451427381 , 来上我 Vip：普通 余额：0  |  收益：0  认证：否     ","来上我","已通过","ljl123(id: 263)","","2026-04-03 17:04:40","2026-04-03 21:28:11"
"302734","    Aff：273646979 , 小毅 Vip：普通 余额：0  |  收益：0  认证：否     ","小毅","已通过","ljl123(id: 263)","","2026-04-03 17:02:29","2026-04-03 21:28:11"
"302733","    Aff：357794939 , 渊甜甜 Vip：普通 余额：0  |  收益：0  认证：否     ","渊甜甜","已通过","ljl123(id: 263)","","2026-04-03 16:58:05","2026-04-03 21:28:11"
"302732","    Aff：506901079 , 无 Vip：普通 余额：0  |  收益：0  认证：否     ","无","已通过","ljl123(id: 263)","","2026-04-03 16:57:31","2026-04-03 21:28:11"
"302731","    Aff：334835070 , 飘逸的金针菇 Vip：普通 余额：0  |  收益：0  认证：否     ","","已通过","ljl123(id: 263)","","2026-04-03 16:56:00","2026-04-03 21:28:11"
"302730","    Aff：504839875 , 日穿钢板 Vip：普通 余额：0  |  收益：0  认证：否     ","日穿钢板","已通过","ljl123(id: 263)","","2026-04-03 16:55:19","2026-04-03 21:28:11"
"302729","    Aff：506876777 , 仁爱笑夏天 Vip：普通 余额：0  |  收益：0  认证：否     ","","已通过","ljl123(id: 263)","","2026-04-03 16:51:50","2026-04-03 21:28:11"
"302728","    Aff：506777491 , timas Vip：普通 余额：0  |  收益：0  认证：否     ","timas","已通过","ljl123(id: 263)","","2026-04-03 16:47:43","2026-04-03 21:28:11"
"302727","    Aff：496691847 , 17常在 Vip：普通 余额：10  |  收益：0  认证：否     ","17常在","已通过","ljl123(id: 263)","","2026-04-03 16:44:16","2026-04-03 21:28:11"
"302726","    Aff：502280714 , 爱笑外套 Vip：普通 余额：0  |  收益：0  认证：否     ","","未通过","ljl123(id: 263)","3、带有联系方式","2026-04-03 16:37:12","2026-04-03 21:28:29"
"302725","    Aff：506891115 , 美满店员 Vip：普通 余额：0  |  收益：0  认证：否     ","","已通过","ljl123(id: 263)","","2026-04-03 16:35:39","2026-04-03 21:28:11"
"302724","    Aff：48535812 , suefaye Vip：普通 余额：0  |  收益：0  认证：否     ","suefaye","已通过","ljl123(id: 263)","","2026-04-03 16:32:22","2026-04-03 21:28:11"
"302723","    Aff：506875556 , 我想日逼 Vip：普通 余额：0  |  收益：0  认证：否     ","我想日逼","已通过","ljl123(id: 263)","","2026-04-03 16:30:59","2026-04-03 21:28:11"
"302722","    Aff：506869446 , 幕僚 Vip：普通 余额：0  |  收益：0  认证：否     ","幕僚","已通过","ljl123(id: 263)","","2026-04-03 16:30:50","2026-04-03 21:28:11"
"302721","    Aff：425880900 , 嘻嘻 Vip：普通 余额：0  |  收益：0  认证：否     ","嘻嘻","已通过","ljl123(id: 263)","","2026-04-03 16:29:03","2026-04-03 21:28:11"
"302720","    Aff：468141673 , 喜来乐 Vip：普通 余额：0  |  收益：0  认证：否     ","喜来乐","已通过","ljl123(id: 263)","","2026-04-03 16:20:57","2026-04-03 21:28:11"
"302719","    Aff：506841179 , 天上人间 Vip：普通 余额：0  |  收益：0  认证：否     ","天上人间","已通过","ljl123(id: 263)","","2026-04-03 16:19:33","2026-04-03 21:28:11"
"302718","    Aff：239113213 , 衣冠禽兽 Vip：普通 余额：0  |  收益：0  认证：否     ","衣冠禽兽","已通过","ljl123(id: 263)","","2026-04-03 16:18:23","2026-04-03 21:28:11"
"302717","    Aff：506882333 , 灵巧演变小熊猫 Vip：普通 余额：0  |  收益：0  认证：否     ","","已通过","ljl123(id: 263)","","2026-04-03 16:15:57","2026-04-03 21:28:11"
"302716","    Aff：452409697 , 瘦瘦闻可乐 Vip：普通 余额：0  |  收益：0  认证：否     ","","已通过","ljl123(id: 263)","","2026-04-03 16:12:46","2026-04-03 21:28:11"
"302715","    Aff：506861213 , 天天射大神 Vip：普通 余额：0  |  收益：0  认证：否     ","天天射大神","已通过","ljl123(id: 263)","","2026-04-03 16:12:29","2026-04-03 21:28:11"
"302714","    Aff：256841910 , 可靠人生 Vip：普通 余额：0  |  收益：0  认证：否     ","","已通过","ljl123(id: 263)","","2026-04-03 16:11:35","2026-04-03 21:28:11"
"302713","    Aff：312126480 , 美骚少妇啊 Vip：普通 余额：0  |  收益：0  认证：否     ","美骚少妇啊","已通过","ljl123(id: 263)","","2026-04-03 16:07:54","2026-04-03 21:29:34"
"302712","    Aff：445519424 , 水炮 Vip：普通 余额：0  |  收益：0  认证：否     ","水炮","已通过","ljl123(id: 263)","","2026-04-03 15:58:37","2026-04-03 21:29:34"
"302711","    Aff：418012677 , 内射大姨姐 Vip：普通 余额：1  |  收益：0  认证：否     ","内射大姨姐","已通过","ljl123(id: 263)","","2026-04-03 15:53:57","2026-04-03 21:29:34"
"302710","    Aff：506871739 , 直率滑板 Vip：普通 余额：0  |  收益：0  认证：否     ","","已通过","ljl123(id: 263)","","2026-04-03 15:53:25","2026-04-03 21:29:34"
"302709","    Aff：461698874 , 丝 Vip：普通 余额：0  |  收益：0  认证：否     ","丝","已通过","ljl123(id: 263)","","2026-04-03 15:50:34","2026-04-03 21:29:34"
"302708","    Aff：434905835 , 嘉庆子 Vip：普通 余额：0  |  收益：0  认证：否     ","嘉庆子","已通过","ljl123(id: 263)","","2026-04-03 15:46:55","2026-04-03 21:29:34"
"302707","    Aff：67491595 , 希望约一次 Vip：月卡 余额：0  |  收益：0  认证：否     ","希望约一次","已通过","ljl123(id: 263)","","2026-04-03 15:46:49","2026-04-03 21:29:34"
"302706","    Aff：306616722 , SSS Vip：普通 余额：0  |  收益：0  认证：否     ","","已通过","ljl123(id: 263)","","2026-04-03 15:43:20","2026-04-03 21:29:34"
"302705","    Aff：73073753 , 肥嘟嘟哒rbq Vip：普通 余额：0  |  收益：0  认证：否     ","","已通过","ljl123(id: 263)","","2026-04-03 15:38:44","2026-04-03 21:29:34"
"302704","    Aff：484052659 , ama Vip：普通 余额：0  |  收益：0  认证：否     ","ama","已通过","ljl123(id: 263)","","2026-04-03 15:35:42","2026-04-03 21:29:34"
"302703","    Aff：352800332 , 不斯文也败类 Vip：普通 余额：0  |  收益：0  认证：否     ","不斯文也败类","已通过","ljl123(id: 263)","","2026-04-03 15:34:49","2026-04-03 21:29:47"
"302702","    Aff：506862117 , 不斯文也败类 Vip：普通 余额：0  |  收益：0  认证：否     ","不斯文也败类","已通过","ljl123(id: 263)","","2026-04-03 15:32:13","2026-04-03 21:29:34"
"302701","    Aff：506861600 , 计算机 Vip：普通 余额：0  |  收益：0  认证：否     ","计算机","已通过","ljl123(id: 263)","","2026-04-03 15:31:18","2026-04-03 21:29:34"
"302700","    Aff：332167843 , 英俊煎饼 Vip：普通 余额：0  |  收益：0  认证：否     ","","已通过","ljl123(id: 263)","","2026-04-03 15:27:26","2026-04-03 21:29:34"
"302699","    Aff：458511248 , 杭州余杭 Vip：普通 余额：0  |  收益：0  认证：否     ","杭州余杭","已通过","ljl123(id: 263)","","2026-04-03 15:25:03","2026-04-03 21:29:34"
"302698","    Aff：435565603 , 大几把 Vip：普通 余额：0  |  收益：0  认证：否     ","大几把","已通过","ljl123(id: 263)","","2026-04-03 15:24:16","2026-04-03 21:29:34"
"302697","    Aff：55738874 , 坐等空中飞人 Vip：普通 余额：0  |  收益：0  认证：否     ","坐等空中飞人","已通过","ljl123(id: 263)","","2026-04-03 15:20:33","2026-04-03 21:29:34"
"302696","    Aff：504843860 , 魁梧咖啡 Vip：普通 余额：0  |  收益：0  认证：否     ","魁梧咖啡","已通过","ljl123(id: 263)","","2026-04-03 15:12:23","2026-04-03 21:29:34"
"302695","    Aff：412701305 , 1234567 Vip：普通 余额：0  |  收益：0  认证：否     ","1234567","已通过","ljl123(id: 263)","","2026-04-03 15:09:51","2026-04-03 21:29:34"
"302694","    Aff：485318469 , 我鸡巴贼大 Vip：普通 余额：0  |  收益：0  认证：否     ","我鸡巴贼大","已通过","ljl123(id: 263)","","2026-04-03 15:00:57","2026-04-03 21:29:33"
"302693","    Aff：506726331 , 炎曦予我 Vip：普通 余额：0  |  收益：0  认证：否     ","炎曦予我","已通过","ljl123(id: 263)","","2026-04-03 15:00:27","2026-04-03 21:29:33"
"302692","    Aff：193275570 , 李先森 Vip：普通 余额：0  |  收益：0  认证：否     ","李先森","已通过","ljl123(id: 263)","","2026-04-03 14:59:37","2026-04-03 21:29:33"
"302691","    Aff：97877763 , 风止意难平 Vip：普通 余额：0  |  收益：0  认证：否     ","风止意难平","已通过","ljl123(id: 263)","","2026-04-03 14:58:11","2026-04-03 21:29:33"
"302690","    Aff：506844272 , SuAI Vip：普通 余额：0  |  收益：0  认证：否     ","SuAI","已通过","ljl123(id: 263)","","2026-04-03 14:56:42","2026-04-03 21:29:33"
"302689","    Aff：501666652 , 吃鸡加我 Vip：普通 余额：0  |  收益：0  认证：否     ","吃鸡加我","已通过","ljl123(id: 263)","","2026-04-03 14:55:29","2026-04-03 21:29:33"
"302688","    Aff：497671625 , 梦工厂 Vip：普通 余额：0  |  收益：0  认证：否     ","梦工厂","已通过","ake123(id: 256)","","2026-04-03 14:55:01","2026-04-03 22:32:20"
"302687","    Aff：426083008 , Crown Vip：普通 余额：0  |  收益：0  认证：否     ","Crown","已通过","ake123(id: 256)","","2026-04-03 14:54:08","2026-04-03 22:32:20"
"302686","    Aff：506833897 , 八级大狂风 Vip：普通 余额：0  |  收益：0  认证：否     ","八级大狂风","已通过","ake123(id: 256)","","2026-04-03 14:52:55","2026-04-03 22:32:20"
"302685","    Aff：319598344 , DOM窒息山西 Vip：普通 余额：0  |  收益：0  认证：否     ","14313545","未通过","ake123(id: 256)","3、带有联系方式","2026-04-03 14:47:17","2026-04-03 22:32:49"
"302684","    Aff：103858372 , 调皮笑茉莉 Vip：普通 余额：0  |  收益：0  认证：否     ","","未通过","ake123(id: 256)","3、带有联系方式","2026-04-03 14:46:13","2026-04-03 22:32:49"
"302683","    Aff：468186357 , 撇下昨日清幽 Vip：普通 余额：0  |  收益：0  认证：否     ","撇下昨日清幽","已通过","ake123(id: 256)","","2026-04-03 14:41:06","2026-04-03 22:32:19"
"302682","    Aff：494827550 , 路人甲 Vip：普通 余额：0  |  收益：0  认证：否     ","路人甲","已通过","ake123(id: 256)","","2026-04-03 14:39:26","2026-04-03 22:32:19"
"302681","    Aff：60074541 , 河北邯郸体制内求 Vip：普通 余额：0  |  收益：0  认证：否     ","河北邯郸体制内求","已通过","ake123(id: 256)","","2026-04-03 14:38:02","2026-04-03 22:32:19"
"302680","    Aff：473555887 , 逗逗 Vip：普通 余额：0  |  收益：0  认证：否     ","逗逗","已通过","ake123(id: 256)","","2026-04-03 14:35:57","2026-04-03 22:32:19"
"302679","    Aff：506813561 , 甘肃第一男大 Vip：普通 余额：0  |  收益：0  认证：否     ","甘肃第一男大","已通过","ake123(id: 256)","","2026-04-03 14:32:22","2026-04-03 22:32:19"
"302678","    Aff：506826382 , 长枪策马 Vip：普通 余额：0  |  收益：0  认证：否     ","长枪策马","已通过","ake123(id: 256)","","2026-04-03 14:24:54","2026-04-03 22:32:19"
"302677","    Aff：498092199 , 随机性 Vip：普通 余额：0  |  收益：0  认证：否     ","随机性","已通过","ake123(id: 256)","","2026-04-03 14:21:27","2026-04-03 22:32:19"
"302676","    Aff：497365306 , 浪浪小妖怪 Vip：普通 余额：0  |  收益：0  认证：否     ","浪浪小妖怪","已通过","ake123(id: 256)","","2026-04-03 14:18:23","2026-04-03 22:32:19"
"302675","    Aff：491802597 , 约 Vip：普通 余额：0  |  收益：0  认证：否     ","约","已通过","ake123(id: 256)","","2026-04-03 14:17:01","2026-04-03 22:32:19"
"302674","    Aff：479388917 , 喜欢嫂子 Vip：普通 余额：0  |  收益：0  认证：否     ","喜欢嫂子","已通过","ake123(id: 256)","","2026-04-03 14:11:11","2026-04-03 22:32:19"
"302673","    Aff：299059747 , 骚货表姐尚璐瑶 Vip：月卡 余额：11  |  收益：40  认证：否     ","","已通过","ake123(id: 256)","","2026-04-03 14:10:12","2026-04-03 22:32:19"
"302672","    Aff：496845168 , 算不尽 Vip：普通 余额：0  |  收益：0  认证：否     ","算不尽","已通过","ake123(id: 256)","","2026-04-03 14:09:42","2026-04-03 22:32:19"
"302671","    Aff：506816693 , 光亮和大白 Vip：普通 余额：0  |  收益：0  认证：否     ","","已通过","ake123(id: 256)","","2026-04-03 14:06:38","2026-04-03 22:32:19"
"302670","    Aff：506814719 , 猫头鹰 Vip：普通 余额：0  |  收益：0  认证：否     ","猫头鹰","已通过","ake123(id: 256)","","2026-04-03 14:05:22","2026-04-03 22:32:19"
"302669","    Aff：72910373 , 重要微笑 Vip：普通 余额：0  |  收益：0  认证：否     ","","已通过","ake123(id: 256)","","2026-04-03 14:04:08","2026-04-03 22:32:19"
"302668","    Aff：500140005 , 隔壁老王92 Vip：普通 余额：0  |  收益：0  认证：否     ","隔壁老王92","已通过","ake123(id: 256)","","2026-04-03 14:02:19","2026-04-03 22:32:19"
"302667","    Aff：506817075 , 袜子 Vip：普通 余额：0  |  收益：0  认证：否     ","袜子","已通过","ake123(id: 256)","","2026-04-03 14:01:03","2026-04-03 22:32:19"
"302666","    Aff：257556960 , 眉山茄子 Vip：普通 余额：0  |  收益：0  认证：否     ","看3490548","未通过","ake123(id: 256)","3、带有联系方式","2026-04-03 13:57:28","2026-04-03 22:32:49"
"302665","    Aff：455309596 , 漂亮用长颈鹿 Vip：普通 余额：0  |  收益：0  认证：否     ","","已通过","ake123(id: 256)","","2026-04-03 13:52:15","2026-04-03 22:32:19"
"302664","    Aff：400866496 , 小巧有红牛 Vip：普通 余额：0  |  收益：0  认证：否     ","琪二思悟伞衣酒吧","未通过","ake123(id: 256)","3、带有联系方式","2026-04-03 13:51:03","2026-04-03 22:32:49"
"302663","    Aff：506798398 , 追寻茉莉 Vip：普通 余额：0  |  收益：0  认证：否     ","","已通过","ake123(id: 256)","","2026-04-03 13:46:24","2026-04-03 22:32:19"
"302662","    Aff：385626956 , 慈祥扯毛衣 Vip：普通 余额：0  |  收益：0  认证：否     ","","已通过","ake123(id: 256)","","2026-04-03 13:41:48","2026-04-03 22:32:19"
"302661","    Aff：189216419 , 11111 Vip：普通 余额：0  |  收益：0  认证：否     ","11111","已通过","ake123(id: 256)","","2026-04-03 13:33:57","2026-04-03 22:32:19"
"302660","    Aff：55567352 , 爱笑和路人 Vip：普通 余额：0  |  收益：0  认证：否     ","","已通过","ake123(id: 256)","","2026-04-03 13:32:53","2026-04-03 22:32:19"
"302659","    Aff：402331044 , 我爱np Vip：普通 余额：0  |  收益：0  认证：否     ","我爱np","已通过","ake123(id: 256)","","2026-04-03 13:32:05","2026-04-03 22:32:19"
"302658","    Aff：302999584 , 爱看 Vip：普通 余额：0  |  收益：0  认证：否     ","爱看","已通过","ake123(id: 256)","","2026-04-03 13:29:27","2026-04-03 22:32:19"
"302657","    Aff：23019227 , 茎待佳阴 Vip：季卡 余额：0  |  收益：0  认证：否     ","茎待佳阴","已通过","ake123(id: 256)","","2026-04-03 13:28:50","2026-04-03 22:32:19"
"302656","    Aff：501666933 , 大鸡巴哥哥 Vip：普通 余额：0  |  收益：0  认证：否     ","大鸡巴哥哥","已通过","ake123(id: 256)","","2026-04-03 13:22:07","2026-04-03 22:32:19"
"302655","    Aff：474604256 , 喜悦尊云 Vip：普通 余额：0  |  收益：0  认证：否     ","hideonbu","未通过","ake123(id: 256)","3、带有联系方式","2026-04-03 13:21:56","2026-04-03 22:32:49"
"302654","    Aff：467230026 , 稳重大叔 Vip：普通 余额：0  |  收益：0  认证：否     ","稳重大叔","已通过","ake123(id: 256)","","2026-04-03 13:16:34","2026-04-03 22:32:19"
"302653","    Aff：261733337 , 蓝色水母 Vip：普通 余额：0  |  收益：0  认证：否     ","蓝色水母","已通过","ake123(id: 256)","","2026-04-03 13:05:43","2026-04-03 22:32:19"
"302652","    Aff：333850216 , 一指破苍穹 Vip：普通 余额：0  |  收益：0  认证：否     ","","未通过","ake123(id: 256)","3、带有联系方式","2026-04-03 13:05:28","2026-04-03 22:32:49"
"302651","    Aff：506555183 , 火鸡味锅巴 Vip：普通 余额：0  |  收益：0  认证：否     ","火鸡味锅巴","已通过","ake123(id: 256)","","2026-04-03 13:03:49","2026-04-03 22:32:19"
"302650","    Aff：108957249 , 严秋雨 Vip：普通 余额：0  |  收益：0  认证：否     ","严秋雨","已通过","ake123(id: 256)","","2026-04-03 13:03:44","2026-04-03 22:32:19"
"302649","    Aff：255722288 , 日云日云 Vip：普通 余额：0  |  收益：0  认证：否     ","日云日云","已通过","ake123(id: 256)","","2026-04-03 13:03:29","2026-04-03 22:32:19"
"302648","    Aff：506785050 , 农夫三拳 Vip：普通 余额：0  |  收益：0  认证：否     ","农夫三拳","已通过","ake123(id: 256)","","2026-04-03 13:03:15","2026-04-03 22:32:19"
"302647","    Aff：167274817 , 甜甜 Vip：月卡 余额：3  |  收益：0  认证：否     ","","已通过","ake123(id: 256)","","2026-04-03 13:02:32","2026-04-03 22:32:19"
"302646","    Aff：506781747 , 大鸡吧 Vip：普通 余额：0  |  收益：0  认证：否     ","大鸡吧","已通过","ake123(id: 256)","","2026-04-03 12:59:45","2026-04-03 22:32:19"
"302645","    Aff：396388843 , 马 Vip：普通 余额：1  |  收益：0  认证：否     ","马","已通过","ake123(id: 256)","","2026-04-03 12:54:46","2026-04-03 22:32:19"
"302644","    Aff：506777126 , DGTCH Vip：普通 余额：0  |  收益：0  认证：否     ","DGTCH","已通过","ake123(id: 256)","","2026-04-03 12:53:48","2026-04-03 22:32:18"
"302643","    Aff：290913597 , 淡淡大叔 Vip：普通 余额：0  |  收益：0  认证：否     ","","已通过","ake123(id: 256)","","2026-04-03 12:53:43","2026-04-03 22:32:18"
"302642","    Aff：506769925 , 晴天 Vip：普通 余额：0  |  收益：0  认证：否     ","晴天","已通过","ake123(id: 256)","","2026-04-03 12:52:20","2026-04-03 22:32:18"
"302641","    Aff：325689875 , MG燕儿 Vip：普通 余额：20  |  收益：0  认证：否     ","MG燕儿","已通过","ake123(id: 256)","","2026-04-03 12:48:38","2026-04-03 22:32:18"
"302640","    Aff：159971766 , 九神大魔王 Vip：普通 余额：0  |  收益：0  认证：否     ","","已通过","ake123(id: 256)","","2026-04-03 12:45:05","2026-04-03 22:32:18"
"302639","    Aff：464755943 , 我操夏云 Vip：普通 余额：0  |  收益：0  认证：否     ","我操夏云","已通过","ake123(id: 256)","","2026-04-03 12:43:57","2026-04-03 22:32:18"
"302638","    Aff：362520681 , 性情中人 Vip：普通 余额：0  |  收益：0  认证：否     ","性情中人","已通过","ake123(id: 256)","","2026-04-03 12:43:12","2026-04-03 22:32:18"
"302637","    Aff：506757928 , 沈阳吴彦祖 Vip：普通 余额：0  |  收益：0  认证：否     ","沈阳吴彦祖","已通过","ake123(id: 256)","","2026-04-03 12:38:46","2026-04-03 22:32:18"
"302636","    Aff：506770478 , 已注册 Vip：普通 余额：0  |  收益：0  认证：否     ","已注册","已通过","ake123(id: 256)","","2026-04-03 12:38:00","2026-04-03 22:32:18"
"302635","    Aff：95052128 , 感动毛衣 Vip：年卡 余额：0  |  收益：0  认证：否     ","","未通过","ake123(id: 256)","3、带有联系方式","2026-04-03 12:35:01","2026-04-03 22:32:49"
"302634","    Aff：506766315 , 缝纫机 Vip：普通 余额：0  |  收益：0  认证：否     ","缝纫机","已通过","ake123(id: 256)","","2026-04-03 12:32:08","2026-04-03 22:32:18"
"302633","    Aff：184297203 , 忐忑冬日 Vip：普通 余额：0  |  收益：0  认证：否     ","","已通过","ake123(id: 256)","","2026-04-03 12:31:42","2026-04-03 22:32:18"
"302632","    Aff：506763533 , 缥缈与镜子 Vip：普通 余额：0  |  收益：0  认证：否     ","","已通过","ake123(id: 256)","","2026-04-03 12:24:36","2026-04-03 22:32:18"
"302631","    Aff：498501032 , 俊秀闻服饰 Vip：普通 余额：0  |  收益：0  认证：否     ","","已通过","ake123(id: 256)","","2026-04-03 12:22:28","2026-04-03 22:32:18"
"302630","    Aff：319960269 , 请叫我很奔放 Vip：普通 余额：0  |  收益：0  认证：否     ","请叫我很奔放","已通过","ake123(id: 256)","","2026-04-03 11:56:26","2026-04-03 12:04:51"
"302629","    Aff：407333631 , 拉长芹菜 Vip：普通 余额：0  |  收益：0  认证：否     ","","已通过","ake123(id: 256)","","2026-04-03 11:44:31","2026-04-03 12:04:51"
"302628","    Aff：492571255 , 成都找母狗 Vip：普通 余额：0  |  收益：0  认证：否     ","成都找母狗","已通过","ake123(id: 256)","","2026-04-03 11:39:36","2026-04-03 12:04:51"
"302627","    Aff：136179713 , 17厘米大鸡巴 Vip：普通 余额：0  |  收益：0  认证：否     ","17厘米大鸡巴","已通过","ake123(id: 256)","","2026-04-03 11:38:42","2026-04-03 12:04:51"
"302626","    Aff：369870932 , 粗心大炮 Vip：普通 余额：0  |  收益：0  认证：否     ","cpg225","未通过","ake123(id: 256)","3、带有联系方式","2026-04-03 11:25:14","2026-04-03 12:05:14"
"302625","    Aff：462363476 , 林燁 Vip：普通 余额：0  |  收益：0  认证：否     ","林燁","已通过","ake123(id: 256)","","2026-04-03 11:20:08","2026-04-03 12:04:51"
"302624","    Aff：57150517 , 骚逼母狗慧 Vip：普通 余额：1  |  收益：0  认证：否     ","骚逼母狗慧","已通过","ake123(id: 256)","","2026-04-03 11:11:35","2026-04-03 12:04:51"
"302623","    Aff：76944308 , 舔逼舔穴舔鲍 Vip：普通 余额：0  |  收益：0  认证：否     ","舔逼舔穴舔鲍","已通过","ake123(id: 256)","","2026-04-03 11:07:24","2026-04-03 12:04:51"
"302622","    Aff：491763389 , 知性芝麻 Vip：普通 余额：0  |  收益：0  认证：否     ","","已通过","ake123(id: 256)","","2026-04-03 11:04:19","2026-04-03 12:04:51"
"302621","    Aff：351318033 , 济宁最帅 Vip：普通 余额：0  |  收益：0  认证：否     ","济宁最帅","已通过","ake123(id: 256)","","2026-04-03 11:03:12","2026-04-03 12:04:51"
"302620","    Aff：506715070 , 日日夜夜笙歌 Vip：普通 余额：0  |  收益：0  认证：否     ","日日夜夜笙歌","已通过","ake123(id: 256)","","2026-04-03 11:02:29","2026-04-03 12:04:51"
"302619","    Aff：60435470 , 王员外 Vip：普通 余额：0  |  收益：0  认证：否     ","王员外","已通过","ake123(id: 256)","","2026-04-03 11:01:45","2026-04-03 12:04:50"
"302618","    Aff：459613029 , 暴力 Vip：普通 余额：0  |  收益：0  认证：否     ","暴力","已通过","ake123(id: 256)","","2026-04-03 11:01:08","2026-04-03 12:04:50"
"302617","    Aff：327952785 , cq男m求tj Vip：普通 余额：0  |  收益：0  认证：否     ","cq男m求tj","已通过","ake123(id: 256)","","2026-04-03 11:00:34","2026-04-03 12:04:50"
"302616","    Aff：307990762 , yyyy Vip：月卡 余额：0  |  收益：0  认证：否     ","yyyy","已通过","ake123(id: 256)","","2026-04-03 10:55:45","2026-04-03 12:04:50"
"302615","    Aff：506726062 , 愤怒保卫发卡 Vip：普通 余额：0  |  收益：0  认证：否     ","","已通过","ake123(id: 256)","","2026-04-03 10:54:27","2026-04-03 12:04:50"
"302614","    Aff：326234201 , 内射玩家 Vip：普通 余额：0  |  收益：0  认证：否     ","","已通过","ake123(id: 256)","","2026-04-03 10:46:36","2026-04-03 12:04:50"
"302613","    Aff：506198823 , 别无所求 Vip：普通 余额：0  |  收益：0  认证：否     ","别无所求","已通过","ake123(id: 256)","","2026-04-03 10:39:08","2026-04-03 12:04:50"
"302612","    Aff：445512894 , 潮汕 Vip：普通 余额：0  |  收益：0  认证：否     ","潮汕","已通过","ake123(id: 256)","","2026-04-03 10:33:58","2026-04-03 12:04:50"
"302611","    Aff：506714882 , 哒哒滴 Vip：普通 余额：0  |  收益：0  认证：否     ","哒哒滴","已通过","ake123(id: 256)","","2026-04-03 10:33:04","2026-04-03 12:04:50"
"302610","    Aff：195665929 , 白虎骚逼秦奥 Vip：普通 余额：0  |  收益：0  认证：否     ","白虎骚逼秦奥","已通过","ake123(id: 256)","","2026-04-03 10:32:26","2026-04-03 12:04:50"
"302609","    Aff：116082298 , 无所畏惧 Vip：普通 余额：0  |  收益：0  认证：否     ","","未通过","ake123(id: 256)","3、带有联系方式","2026-04-03 10:20:06","2026-04-03 12:05:14"
"302608","    Aff：497401637 , 大名魏县三十一位 Vip：普通 余额：0  |  收益：0  认证：否     ","大名魏县三十一位","已通过","ake123(id: 256)","","2026-04-03 10:19:43","2026-04-03 12:04:50"
"302607","    Aff：500414704 , 忍不住喷水别怪我 Vip：普通 余额：0  |  收益：0  认证：否     ","忍不住喷水别怪我","已通过","ake123(id: 256)","","2026-04-03 10:18:25","2026-04-03 12:04:50"
"302606","    Aff：454658041 , 墨兮 Vip：普通 余额：0  |  收益：0  认证：否     ","墨兮","已通过","ake123(id: 256)","","2026-04-03 10:12:42","2026-04-03 12:04:50"
"302605","    Aff：506703996 , 无私扯飞机 Vip：普通 余额：0  |  收益：0  认证：否     ","","已通过","ake123(id: 256)","","2026-04-03 10:08:27","2026-04-03 12:04:50"
"302604","    Aff：506105890 , 南京18cm Vip：普通 余额：0  |  收益：0  认证：否     ","南京18cm","已通过","ake123(id: 256)","","2026-04-03 10:08:25","2026-04-03 12:04:50"
"302603","    Aff：103786206 , 龙骑士金灶沐 Vip：普通 余额：0  |  收益：0  认证：否     ","龙骑士金灶沐","已通过","ake123(id: 256)","","2026-04-03 10:05:03","2026-04-03 12:04:50"
"302602","    Aff：276520846 , 梅赛德斯 Vip：普通 余额：0  |  收益：0  认证：否     ","","已通过","ake123(id: 256)","","2026-04-03 09:54:47","2026-04-03 12:04:50"
"302601","    Aff：455637986 , 想艹学生妹 Vip：普通 余额：20  |  收益：0  认证：否     ","想艹学生妹","已通过","ake123(id: 256)","","2026-04-03 09:51:33","2026-04-03 12:04:50"
"302600","    Aff：504802439 , 嘻嘻哈哈大坤 Vip：普通 余额：0  |  收益：0  认证：否     ","嘻嘻哈哈大坤","已通过","ake123(id: 256)","","2026-04-03 09:50:18","2026-04-03 12:04:50"
"302599","    Aff：52097786 , 狂操舅妈跟刘莹 Vip：普通 余额：0  |  收益：0  认证：否     ","狂操舅妈跟刘莹","已通过","ake123(id: 256)","","2026-04-03 09:48:15","2026-04-03 12:04:50"
"302598","    Aff：348995738 , jb Vip：月卡 余额：0  |  收益：0  认证：否     ","jb","已通过","ake123(id: 256)","","2026-04-03 09:44:51","2026-04-03 12:04:50"
"302597","    Aff：506697689 , 高贵和飞机 Vip：普通 余额：0  |  收益：0  认证：否     ","","已通过","ake123(id: 256)","","2026-04-03 09:44:12","2026-04-03 12:04:50"
"302596","    Aff：334448625 , 安逸 Vip：普通 余额：0  |  收益：0  认证：否     ","安逸","已通过","ake123(id: 256)","","2026-04-03 09:43:11","2026-04-03 12:04:50"
"302595","    Aff：128868 , 嘿哈 Vip：普通 余额：0  |  收益：0  认证：否     ","","未通过","ake123(id: 256)","3、带有联系方式","2026-04-03 09:35:48","2026-04-03 12:05:14"
"302594","    Aff：506692790 , 就爱大屁股美女 Vip：普通 余额：0  |  收益：0  认证：否     ","就爱大屁股美女","已通过","ake123(id: 256)","","2026-04-03 09:32:58","2026-04-03 12:04:50"
"302593","    Aff：191104932 , 卷毛狗 Vip：普通 余额：0  |  收益：0  认证：否     ","","未通过","ake123(id: 256)","3、带有联系方式","2026-04-03 09:29:36","2026-04-03 12:05:14"
"302592","    Aff：506691018 , 嘿金 Vip：普通 余额：0  |  收益：0  认证：否     ","嘿金","已通过","ake123(id: 256)","","2026-04-03 09:28:43","2026-04-03 12:04:50"
"302591","    Aff：506631917 , 风 Vip：月卡 余额：0  |  收益：0  认证：否     ","风","已通过","ake123(id: 256)","","2026-04-03 09:27:40","2026-04-03 12:04:50"
"302590","    Aff：475427383 , 罗密欧与猪立业 Vip：普通 余额：0  |  收益：0  认证：否     ","罗密欧与猪立业","已通过","ake123(id: 256)","","2026-04-03 09:23:23","2026-04-03 12:04:50"
"302589","    Aff：500193480 , 吊想自由 Vip：普通 余额：0  |  收益：0  认证：否     ","吊想自由","已通过","ake123(id: 256)","","2026-04-03 09:19:59","2026-04-03 12:04:50"
"302588","    Aff：506366956 , 凶残的你爸爸i Vip：普通 余额：0  |  收益：0  认证：否     ","凶残的你爸爸i","已通过","ake123(id: 256)","","2026-04-03 09:12:42","2026-04-03 12:04:50"
"302587","    Aff：453376277 , 羞羞 Vip：普通 余额：0  |  收益：0  认证：否     ","羞羞","已通过","ake123(id: 256)","","2026-04-03 09:10:55","2026-04-03 12:04:50"
"302586","    Aff：506670703 , weix唯一 Vip：月卡 余额：80  |  收益：0  认证：否     ","weix唯一","已通过","ake123(id: 256)","","2026-04-03 08:58:02","2026-04-03 12:04:50"
"302585","    Aff：12684904 , 丂梘 Vip：普通 余额：0  |  收益：0  认证：否     ","丂梘","已通过","ake123(id: 256)","","2026-04-03 08:56:09","2026-04-03 12:04:50"
"302584","    Aff：504845575 , 小秋云 Vip：普通 余额：0  |  收益：0  认证：否     ","小秋云","已通过","ake123(id: 256)","","2026-04-03 08:53:27","2026-04-03 12:04:50"
"302583","    Aff：358859045 , 王德发 Vip：普通 余额：0  |  收益：0  认证：否     ","","已通过","ake123(id: 256)","","2026-04-03 08:37:33","2026-04-03 12:04:50"
"302582","    Aff：506664687 , 大方柜子 Vip：普通 余额：0  |  收益：0  认证：否     ","Redamanc","未通过","ake123(id: 256)","3、带有联系方式","2026-04-03 08:28:12","2026-04-03 12:05:14"
"302581","    Aff：506661843 , 携枪单挑 Vip：普通 余额：0  |  收益：0  认证：否     ","携枪单挑","已通过","ake123(id: 256)","","2026-04-03 08:27:27","2026-04-03 12:04:49"
"302580","    Aff：479991002 , 鸡王 Vip：普通 余额：0  |  收益：0  认证：否     ","鸡王","已通过","ake123(id: 256)","","2026-04-03 08:17:12","2026-04-03 12:04:49"
"302579","    Aff：478461040 , 找母狗 Vip：普通 余额：0  |  收益：0  认证：否     ","找母狗","已通过","ake123(id: 256)","","2026-04-03 08:17:11","2026-04-03 12:04:49"
"302578","    Aff：325481687 , 破 Vip：普通 余额：0  |  收益：0  认证：否     ","破","已通过","ake123(id: 256)","","2026-04-03 08:16:29","2026-04-03 12:04:49"
"302577","    Aff：460175016 , 找母狗 Vip：普通 余额：0  |  收益：0  认证：否     ","找母狗","已通过","ake123(id: 256)","","2026-04-03 08:16:09","2026-04-03 12:04:49"
"302576","    Aff：160050616 , 老实诺言 Vip：普通 余额：0  |  收益：0  认证：否     ","","已通过","ake123(id: 256)","","2026-04-03 07:57:58","2026-04-03 12:04:49"
"302575","    Aff：506602483 , Nana Vip：普通 余额：0  |  收益：0  认证：否     ","Nana","已通过","ake123(id: 256)","","2026-04-03 07:44:01","2026-04-03 12:04:49"
"302574","    Aff：485160464 , 十八厘米不含头 Vip：普通 余额：0  |  收益：0  认证：否     ","十八厘米不含头","已通过","ake123(id: 256)","","2026-04-03 07:42:38","2026-04-03 12:04:49"
"302573","    Aff：506645221 , 迷路爱纸鹤 Vip：普通 余额：0  |  收益：0  认证：否     ","","已通过","ake123(id: 256)","","2026-04-03 07:39:51","2026-04-03 12:04:49"
"302572","    Aff：262668333 , Aben Vip：普通 余额：0  |  收益：0  认证：否     ","Aben","已通过","ake123(id: 256)","","2026-04-03 07:36:01","2026-04-03 12:04:49"
"302571","    Aff：434175391 , 爱看汝窑 Vip：普通 余额：0  |  收益：0  认证：否     ","爱看汝窑","已通过","ake123(id: 256)","","2026-04-03 07:33:52","2026-04-03 12:04:49"
"302570","    Aff：506641803 , 谦让和唇膏 Vip：普通 余额：0  |  收益：0  认证：否     ","","已通过","ake123(id: 256)","","2026-04-03 07:33:28","2026-04-03 12:04:49"
"302569","    Aff：451331650 , 小骚逼杨晨曦 Vip：普通 余额：0  |  收益：0  认证：否     ","小骚逼杨晨曦","已通过","ake123(id: 256)","","2026-04-03 07:27:28","2026-04-03 12:04:49"
"302568","    Aff：496099236 , 发嗲含羞草 Vip：普通 余额：0  |  收益：0  认证：否     ","","已通过","ake123(id: 256)","","2026-04-03 07:23:15","2026-04-03 12:04:49"
"302567","    Aff：505985449 , 大鸡萌男 Vip：普通 余额：0  |  收益：0  认证：否     ","大鸡萌男","已通过","ake123(id: 256)","","2026-04-03 07:03:51","2026-04-03 12:04:49"
"302566","    Aff：281768365 , 曲阜彭于晏 Vip：普通 余额：0  |  收益：0  认证：否     ","曲阜彭于晏","已通过","ake123(id: 256)","","2026-04-03 07:03:44","2026-04-03 12:04:49"
"302565","    Aff：352224564 , 饱满中心 Vip：月卡 余额：0  |  收益：0  认证：否     ","","未通过","ake123(id: 256)","3、带有联系方式","2026-04-03 07:02:25","2026-04-03 12:05:14"
"302564","    Aff：506625466 , 冲开一切 Vip：普通 余额：0  |  收益：0  认证：否     ","冲开一切","已通过","ake123(id: 256)","","2026-04-03 06:56:48","2026-04-03 12:04:49"
"302563","    Aff：472572560 , 无聊有香水 Vip：普通 余额：0  |  收益：0  认证：否     ","","已通过","ake123(id: 256)","","2026-04-03 06:52:51","2026-04-03 12:04:49"
"302562","    Aff：505459304 , 岳母与她皆失 Vip：普通 余额：0  |  收益：0  认证：否     ","岳母与她皆失","已通过","ake123(id: 256)","","2026-04-03 06:45:33","2026-04-03 12:04:49"
"302561","    Aff：500683331 , 迷雾林 Vip：普通 余额：0  |  收益：0  认证：否     ","迷雾林","已通过","ake123(id: 256)","","2026-04-03 06:39:02","2026-04-03 12:04:49"
"302560","    Aff：211956891 , 刘光辉是我的母狗 Vip：普通 余额：0  |  收益：0  认证：否     ","刘光辉是我的母狗","已通过","ake123(id: 256)","","2026-04-03 06:36:00","2026-04-03 12:04:49"
"302559","    Aff：207071558 , 贪玩朋友 Vip：普通 余额：0  |  收益：0  认证：否     ","","已通过","ake123(id: 256)","","2026-04-03 06:14:35","2026-04-03 12:04:49"
"302558","    Aff：506608359 , 如风如梦 Vip：普通 余额：0  |  收益：0  认证：否     ","如风如梦","已通过","ake123(id: 256)","","2026-04-03 06:05:54","2026-04-03 12:04:49"
"302557","    Aff：216186319 , 忐忑黑裤 Vip：普通 余额：0  |  收益：0  认证：否     ","","已通过","ake123(id: 256)","","2026-04-03 06:00:09","2026-04-03 12:04:49"
"302556","    Aff：506605051 , 茶糜 Vip：普通 余额：0  |  收益：0  认证：否     ","茶糜","已通过","ake123(id: 256)","","2026-04-03 05:49:51","2026-04-03 12:04:49"
"302555","    Aff：461515121 , 666 Vip：普通 余额：0  |  收益：0  认证：否     ","666","已通过","ake123(id: 256)","","2026-04-03 05:40:05","2026-04-03 12:04:49"
"302554","    Aff：329586726 , Liii Vip：普通 余额：0  |  收益：0  认证：否     ","Liii","已通过","ake123(id: 256)","","2026-04-03 05:13:51","2026-04-03 12:04:49"
"302553","    Aff：451123654 , 大骚波一 Vip：普通 余额：0  |  收益：0  认证：否     ","大骚波一","已通过","ake123(id: 256)","","2026-04-03 05:01:37","2026-04-03 12:04:49"
"302552","    Aff：378024387 , 正直长颈鹿 Vip：普通 余额：0  |  收益：0  认证：否     ","","未通过","ake123(id: 256)","3、带有联系方式","2026-04-03 04:54:06","2026-04-03 12:05:14"
"302551","    Aff：57803334 , 无限蓝天 Vip：普通 余额：0  |  收益：0  认证：否     ","","已通过","ake123(id: 256)","","2026-04-03 04:51:24","2026-04-03 12:04:49"
"302550","    Aff：506586820 , 枫殇绝恋 Vip：普通 余额：0  |  收益：0  认证：否     ","枫殇绝恋","已通过","ake123(id: 256)","","2026-04-03 04:38:12","2026-04-03 12:04:49"
"302549","    Aff：419915595 , 陕G Vip：普通 余额：0  |  收益：0  认证：否     ","陕G","已通过","ake123(id: 256)","","2026-04-03 04:31:59","2026-04-03 12:04:49"
"302548","    Aff：506583791 , 粗犷冬天 Vip：普通 余额：0  |  收益：0  认证：否     ","","已通过","ake123(id: 256)","","2026-04-03 04:28:12","2026-04-03 12:04:49"
"302547","    Aff：388100050 , 北京男大 Vip：普通 余额：0  |  收益：0  认证：否     ","北京男大","已通过","ake123(id: 256)","","2026-04-03 04:22:32","2026-04-03 12:04:49"
"302546","    Aff：506543992 , 伶俐用柚子 Vip：普通 余额：0  |  收益：0  认证：否     ","","已通过","ake123(id: 256)","","2026-04-03 04:19:05","2026-04-03 12:04:48"
"302545","    Aff：506575293 , 巴贝鸡 Vip：普通 余额：0  |  收益：0  认证：否     ","巴贝鸡","已通过","ake123(id: 256)","","2026-04-03 04:03:45","2026-04-03 12:04:48"
"302544","    Aff：346317187 , 迷雾森森 Vip：年卡 余额：0  |  收益：0  认证：否     ","迷雾森森","已通过","ake123(id: 256)","","2026-04-03 04:01:45","2026-04-03 12:04:48"
"302543","    Aff：506574392 , 矮小踢鲜花 Vip：普通 余额：0  |  收益：0  认证：否     ","aysuiii","未通过","ake123(id: 256)","3、带有联系方式","2026-04-03 04:01:03","2026-04-03 12:05:14"
"302542","    Aff：506566833 , 眯眯眼保卫小蘑菇 Vip：普通 余额：0  |  收益：0  认证：否     ","","未通过","ake123(id: 256)","3、带有联系方式","2026-04-03 03:59:59","2026-04-03 12:05:14"
"302541","    Aff：83571383 , 无私宝马 Vip：普通 余额：0  |  收益：0  认证：否     ","","已通过","ake123(id: 256)","","2026-04-03 03:43:04","2026-04-03 12:04:48"
"302540","    Aff：502683127 , 靓丽飞机 Vip：普通 余额：0  |  收益：0  认证：否     ","","已通过","ake123(id: 256)","","2026-04-03 03:39:19","2026-04-03 12:04:48"
"302539","    Aff：314826825 , Mike Vip：普通 余额：10  |  收益：0  认证：否     ","Mike","已通过","ake123(id: 256)","","2026-04-03 03:30:04","2026-04-03 12:04:48"
"302538","    Aff：378292197 , 偏爱眼镜少妇 Vip：普通 余额：0  |  收益：0  认证：否     ","偏爱眼镜少妇","已通过","ake123(id: 256)","","2026-04-03 03:24:38","2026-04-03 12:04:48"
"302537","    Aff：332431753 , 激情四射 Vip：普通 余额：0  |  收益：0  认证：否     ","激情四射","已通过","ake123(id: 256)","","2026-04-03 03:20:58","2026-04-03 12:04:48"
"302536","    Aff：316872499 , 忘记1998 Vip：普通 余额：0  |  收益：0  认证：否     ","忘记1998","已通过","ake123(id: 256)","","2026-04-03 03:16:16","2026-04-03 12:04:48"
"302535","    Aff：236700459 , 大连单男 Vip：普通 余额：10  |  收益：0  认证：否     ","大连单男","已通过","ake123(id: 256)","","2026-04-03 03:15:20","2026-04-03 12:04:48"
"302534","    Aff：506512180 , 修炼爱情 Vip：普通 余额：0  |  收益：0  认证：否     ","修炼爱情","已通过","ake123(id: 256)","","2026-04-03 03:12:54","2026-04-03 12:04:48"
"302533","    Aff：506551826 , 11Z Vip：普通 余额：0  |  收益：0  认证：否     ","11Z","已通过","ake123(id: 256)","","2026-04-03 03:10:59","2026-04-03 12:04:48"
"302532","    Aff：506552973 , sunny Vip：普通 余额：0  |  收益：0  认证：否     ","sunny","已通过","ake123(id: 256)","","2026-04-03 03:09:36","2026-04-03 12:04:48"
"302531","    Aff：506370045 , 纯情少女 Vip：普通 余额：0  |  收益：0  认证：否     ","纯情少女","已通过","ake123(id: 256)","","2026-04-03 02:57:01","2026-04-03 12:04:48"
"302530","    Aff：506545896 , 51水多多 Vip：普通 余额：0  |  收益：0  认证：否     ","51水多多","已通过","ake123(id: 256)","","2026-04-03 02:54:30","2026-04-03 12:07:07"
"302529","    Aff：505426619 , 专一踢母鸡 Vip：普通 余额：0  |  收益：0  认证：否     ","","已通过","ake123(id: 256)","","2026-04-03 02:54:05","2026-04-03 12:07:07"
"302528","    Aff：506539668 , 紧张打星月 Vip：普通 余额：0  |  收益：0  认证：否     ","","已通过","ake123(id: 256)","","2026-04-03 02:49:19","2026-04-03 12:07:07"
"302527","    Aff：418492342 , 感动的舞蹈 Vip：普通 余额：10  |  收益：0  认证：否     ","26480761","未通过","ake123(id: 256)","","2026-04-03 02:46:27","2026-04-03 12:07:19"
"302526","    Aff：506540933 , 隐形等于白昼 Vip：普通 余额：0  |  收益：0  认证：否     ","","已通过","ake123(id: 256)","","2026-04-03 02:46:12","2026-04-03 12:07:07"
"302525","    Aff：136289252 , 梨花诗 Vip：普通 余额：0  |  收益：0  认证：否     ","梨花诗","已通过","ake123(id: 256)","","2026-04-03 02:43:39","2026-04-03 12:07:07"
"302524","    Aff：506539322 , 梨花诗 Vip：普通 余额：0  |  收益：0  认证：否     ","梨花诗","已通过","ake123(id: 256)","","2026-04-03 02:42:00","2026-04-03 12:07:07"
"302523","    Aff：412122213 , fox Vip：普通 余额：0  |  收益：0  认证：否     ","fox","已通过","ake123(id: 256)","","2026-04-03 02:34:37","2026-04-03 12:07:07"
"302522","    Aff：325662671 , 51账号 Vip：普通 余额：0  |  收益：0  认证：否     ","51账号","已通过","ake123(id: 256)","","2026-04-03 02:26:55","2026-04-03 12:07:07"
"302521","    Aff：383303844 , 小奇迹 Vip：普通 余额：0  |  收益：0  认证：否     ","","已通过","ake123(id: 256)","","2026-04-03 02:24:02","2026-04-03 12:07:07"
"302520","    Aff：183708000 , Boson Vip：普通 余额：0  |  收益：0  认证：否     ","Boson","已通过","ake123(id: 256)","","2026-04-03 02:20:57","2026-04-03 12:07:07"
"302519","    Aff：66603500 , 太卷寿司 Vip：普通 余额：0  |  收益：0  认证：否     ","太卷寿司","已通过","ake123(id: 256)","","2026-04-03 02:16:44","2026-04-03 12:07:07"
"302518","    Aff：301411688 , DrLee Vip：普通 余额：0  |  收益：0  认证：否     ","DrLee","已通过","ake123(id: 256)","","2026-04-03 02:14:27","2026-04-03 12:07:07"
"302517","    Aff：506510868 , 扣搜上品甘蓝 Vip：普通 余额：0  |  收益：0  认证：否     ","扣搜上品甘蓝","已通过","ake123(id: 256)","","2026-04-03 02:13:03","2026-04-03 12:07:07"
"302516","    Aff：460808175 , 爱人妻 Vip：普通 余额：0  |  收益：0  认证：否     ","爱人妻","已通过","ake123(id: 256)","","2026-04-03 02:12:49","2026-04-03 12:07:07"
"302515","    Aff：220916272 , 你的K1n9 Vip：普通 余额：0  |  收益：0  认证：否     ","你的K1n9","已通过","ake123(id: 256)","","2026-04-03 02:12:08","2026-04-03 12:07:06"
"302514","    Aff：505174865 , C Vip：普通 余额：0  |  收益：0  认证：否     ","C","已通过","ake123(id: 256)","","2026-04-03 02:10:33","2026-04-03 12:07:06"
"302513","    Aff：464338284 , L Vip：普通 余额：0  |  收益：0  认证：否     ","L","已通过","ake123(id: 256)","","2026-04-03 02:06:54","2026-04-03 12:07:06"
"302512","    Aff：463499262 , 硬是睡不着 Vip：普通 余额：0  |  收益：0  认证：否     ","硬是睡不着","已通过","ake123(id: 256)","","2026-04-03 02:05:04","2026-04-03 12:07:06"
"302511","    Aff：506510012 , 爱撒娇就黑猫 Vip：普通 余额：0  |  收益：0  认证：否     ","","已通过","ake123(id: 256)","","2026-04-03 01:56:44","2026-04-03 12:07:06"
"302510","    Aff：506513146 , 舒适方招牌 Vip：普通 余额：0  |  收益：0  认证：否     ","","已通过","ake123(id: 256)","","2026-04-03 01:54:23","2026-04-03 12:07:06"
"302509","    Aff：506511736 , 开放等于玉米 Vip：普通 余额：0  |  收益：0  认证：否     ","","已通过","ake123(id: 256)","","2026-04-03 01:54:10","2026-04-03 12:07:06"
"302508","    Aff：326726493 , 丰富小海豚 Vip：普通 余额：0  |  收益：0  认证：否     ","","已通过","ake123(id: 256)","","2026-04-03 01:53:58","2026-04-03 12:07:06"
"302507","    Aff：490474555 , 一点绿 Vip：普通 余额：0  |  收益：0  认证：否     ","一点绿","已通过","ake123(id: 256)","","2026-04-03 01:43:12","2026-04-03 12:07:06"
"302506","    Aff：506504970 , 愉快有中心 Vip：普通 余额：0  |  收益：0  认证：否     ","","已通过","ake123(id: 256)","","2026-04-03 01:41:59","2026-04-03 12:07:06"
"302505","    Aff：506504218 , 鱼 Vip：普通 余额：0  |  收益：0  认证：否     ","鱼","已通过","ake123(id: 256)","","2026-04-03 01:41:54","2026-04-03 12:07:06"
"302504","    Aff：327247683 , 董卓 Vip：普通 余额：0  |  收益：0  认证：否     ","","已通过","ake123(id: 256)","","2026-04-03 01:40:55","2026-04-03 12:07:06"
"302503","    Aff：506500534 , 魁梧跳跳糖 Vip：普通 余额：0  |  收益：0  认证：否     ","","已通过","ake123(id: 256)","","2026-04-03 01:40:08","2026-04-03 12:07:06"
"302502","    Aff：466501995 , 帅气方红牛 Vip：普通 余额：0  |  收益：0  认证：否     ","","已通过","ake123(id: 256)","","2026-04-03 01:36:54","2026-04-03 12:07:06"
"302501","    Aff：438077787 , Howie Vip：普通 余额：0  |  收益：0  认证：否     ","Howie","已通过","ake123(id: 256)","","2026-04-03 01:35:56","2026-04-03 12:07:06"
"302500","    Aff：69297880 , 雨 Vip：普通 余额：0  |  收益：0  认证：否     ","雨","已通过","ake123(id: 256)","","2026-04-03 01:34:59","2026-04-03 12:07:06"
"302499","    Aff：440985917 , 忧郁水池 Vip：普通 余额：0  |  收益：0  认证：否     ","","已通过","ake123(id: 256)","","2026-04-03 01:34:42","2026-04-03 12:07:06"
"302498","    Aff：127264290 , 粗心睫毛膏 Vip：普通 余额：1  |  收益：0  认证：否     ","bigboss","未通过","ake123(id: 256)","","2026-04-03 01:32:32","2026-04-03 12:07:19"
"302497","    Aff：328088023 , 丶丶丶丶丶 Vip：普通 余额：0  |  收益：0  认证：否     ","丶丶丶丶丶","已通过","ake123(id: 256)","","2026-04-03 01:30:42","2026-04-03 12:07:06"
"302496","    Aff：1659069 , 周刘亦菲 Vip：普通 余额：0  |  收益：0  认证：否     ","","已通过","ake123(id: 256)","","2026-04-03 01:11:33","2026-04-03 12:07:06"
"302495","    Aff：1162140 , 果子李 Vip：普通 余额：0  |  收益：0  认证：否     ","果子李","已通过","ake123(id: 256)","","2026-04-03 00:57:35","2026-04-03 12:07:06"
"302494","    Aff：457261484 , wk Vip：普通 余额：0  |  收益：0  认证：否     ","wk","已通过","ake123(id: 256)","","2026-04-03 00:48:31","2026-04-03 12:07:06"
"302493","    Aff：506009655 , 淋棍侠 Vip：普通 余额：0  |  收益：0  认证：否     ","淋棍侠","已通过","ake123(id: 256)","","2026-04-03 00:40:45","2026-04-03 12:07:06"
"302492","    Aff：506343689 , 啥都不是 Vip：普通 余额：0  |  收益：0  认证：否     ","啥都不是","已通过","ake123(id: 256)","","2026-04-03 00:36:00","2026-04-03 12:07:06"
"302491","    Aff：497397894 , 深夜来找我 Vip：普通 余额：0  |  收益：0  认证：否     ","深夜来找我","已通过","ake123(id: 256)","","2026-04-03 00:35:58","2026-04-03 12:07:06"
"302490","    Aff：485221922 , 想操李丹晓娜 Vip：普通 余额：10  |  收益：0  认证：否     ","想操李丹晓娜","已通过","ake123(id: 256)","","2026-04-03 00:35:16","2026-04-03 12:07:06"
"302489","    Aff：506336828 , 性瘾重度患者 Vip：普通 余额：10  |  收益：0  认证：否     ","性瘾重度患者","已通过","ake123(id: 256)","","2026-04-03 00:33:53","2026-04-03 12:07:06"
"302488","    Aff：505679255 , 我不想再看别人爽 Vip：普通 余额：0  |  收益：0  认证：否     ","我不想再看别人爽","已通过","ake123(id: 256)","","2026-04-03 00:32:59","2026-04-03 12:07:06"
"302487","    Aff：15207933 , 那夜床单红了 Vip：普通 余额：0  |  收益：0  认证：否     ","那夜床单红了","已通过","ake123(id: 256)","","2026-04-03 00:26:59","2026-04-03 12:07:06"
"302486","    Aff：350649536 , 传统演变钢铁侠 Vip：普通 余额：0  |  收益：0  认证：否     ","","已通过","ake123(id: 256)","","2026-04-03 00:25:21","2026-04-03 12:07:06"
"302485","    Aff：53655923 , 左蓝儿抽抽 Vip：普通 余额：0  |  收益：0  认证：否     ","左蓝儿抽抽","已通过","ake123(id: 256)","","2026-04-03 00:22:45","2026-04-03 12:07:06"
"302484","    Aff：497384220 , 我要内射施钰婷 Vip：普通 余额：0  |  收益：0  认证：否     ","我要内射施钰婷","已通过","ake123(id: 256)","","2026-04-03 00:21:43","2026-04-03 12:07:06"
"302483","    Aff：458015310 , 奈何 Vip：普通 余额：0  |  收益：0  认证：否     ","奈何","已通过","ake123(id: 256)","","2026-04-03 00:21:39","2026-04-03 12:07:06"
"302482","    Aff：499282748 , 要减肥缘分 Vip：普通 余额：0  |  收益：0  认证：否     ","","已通过","ake123(id: 256)","","2026-04-03 00:20:48","2026-04-03 12:07:06"
"302481","    Aff：506348073 , 发嗲外套 Vip：普通 余额：0  |  收益：0  认证：否     ","","已通过","ake123(id: 256)","","2026-04-03 00:19:42","2026-04-03 12:07:05"
"302480","    Aff：423506083 , 删目 Vip：普通 余额：0  |  收益：0  认证：否     ","删目","已通过","ake123(id: 256)","","2026-04-03 00:18:30","2026-04-03 12:07:05"
"302479","    Aff：260738686 , 怡然丝袜 Vip：普通 余额：0  |  收益：0  认证：否     ","","已通过","ake123(id: 256)","","2026-04-03 00:17:54","2026-04-03 12:07:05"
"302478","    Aff：325749430 , 徐先生 Vip：普通 余额：0  |  收益：0  认证：否     ","徐先生","已通过","ake123(id: 256)","","2026-04-03 00:17:35","2026-04-03 12:07:05"
"302477","    Aff：252931341 , 悲凉板凳 Vip：普通 余额：0  |  收益：0  认证：否     ","","已通过","ake123(id: 256)","","2026-04-03 00:16:58","2026-04-03 12:07:05"
"302476","    Aff：475763635 , 屁屁 Vip：普通 余额：0  |  收益：0  认证：否     ","","未通过","ake123(id: 256)","","2026-04-03 00:16:07","2026-04-03 12:07:19"
"302475","    Aff：38278262 , 刻 Vip：月卡 余额：1  |  收益：0  认证：否     ","刻","已通过","ake123(id: 256)","","2026-04-03 00:15:16","2026-04-03 12:07:05"
"302474","    Aff：506339858 , yyy Vip：普通 余额：0  |  收益：0  认证：否     ","yyy","已通过","ake123(id: 256)","","2026-04-03 00:15:06","2026-04-03 12:07:05"
"302473","    Aff：444107897 , 粉色青筋大宝贝 Vip：普通 余额：0  |  收益：0  认证：否     ","粉色青筋大宝贝","已通过","ake123(id: 256)","","2026-04-03 00:14:02","2026-04-03 12:07:05"
"302472","    Aff：506342318 , yyy Vip：普通 余额：0  |  收益：0  认证：否     ","yyy","已通过","ake123(id: 256)","","2026-04-03 00:13:13","2026-04-03 12:07:05"
"302471","    Aff：320839319 , 孤独的根号三 Vip：普通 余额：0  |  收益：0  认证：否     ","孤独的根号三","已通过","ake123(id: 256)","","2026-04-03 00:12:54","2026-04-03 12:07:05"
"302470","    Aff：37930340 , HYuan Vip：月卡 余额：7  |  收益：0  认证：否     ","HYuan","已通过","ake123(id: 256)","","2026-04-03 00:12:49","2026-04-03 12:07:05"
"302469","    Aff：88136546 , 受伤流沙 Vip：普通 余额：0  |  收益：0  认证：否     ","","已通过","ake123(id: 256)","","2026-04-03 00:12:24","2026-04-03 12:07:05"
"302468","    Aff：197925731 , 秀丽蜗牛 Vip：普通 余额：0  |  收益：0  认证：否     ","","已通过","ake123(id: 256)","","2026-04-03 00:10:07","2026-04-03 12:07:05"
"302467","    Aff：482463153 , 帅得掉渣 Vip：普通 余额：0  |  收益：0  认证：否     ","帅得掉渣","已通过","ake123(id: 256)","","2026-04-03 00:10:06","2026-04-03 12:07:05"
"302466","    Aff：478302359 , 木叶的根 Vip：普通 余额：2  |  收益：0  认证：否     ","","已通过","ake123(id: 256)","","2026-04-03 00:09:48","2026-04-03 12:07:05"
"302465","    Aff：172832262 , 高冷男神 Vip：普通 余额：0  |  收益：0  认证：否     ","高冷男神","已通过","ake123(id: 256)","","2026-04-03 00:09:37","2026-04-03 12:07:05"
"302464","    Aff：506314650 , 受伤的飞机杯 Vip：普通 余额：0  |  收益：0  认证：否     ","受伤的飞机杯","已通过","ake123(id: 256)","","2026-04-03 00:08:33","2026-04-03 12:07:05"
"302463","    Aff：436346368 , 叼着小烟 Vip：普通 余额：0  |  收益：0  认证：否     ","叼着小烟","已通过","ake123(id: 256)","","2026-04-03 00:06:46","2026-04-03 12:07:05"
"302462","    Aff：506329131 , 糖葫芦 Vip：普通 余额：0  |  收益：0  认证：否     ","糖葫芦","已通过","ake123(id: 256)","","2026-04-03 00:02:30","2026-04-03 12:07:05"
"302461","    Aff：24989784 , N个 Vip：普通 余额：0  |  收益：0  认证：否     ","N个","已通过","ake123(id: 256)","","2026-04-03 00:01:11","2026-04-03 12:07:05"
